Date,donor,jem-id_cell_specimen,cell_specimen_id ,type of experiment,injection region,virus,jem-status_reporter,jem-id_patched_cell_container,jem-roi_minor,jem-nucleus_post_patch,link_ims_20x ,ims63x_go_no_go ,image_series_63x_qc ,link_ims_63x ,Annotated structure,x,y,z,notes,Unofficial structure,rnaamp_fail,exp_component_name,Genes.Detected.CPM,ephys_roi_id,ephys_qc,storage_directory,failed_bad_rs,failed_electrode_0,failed_no_seal,ephys_fx_extraction,qualitative_call_type_I_II
9/20/22,643791,Gad2-IRES-Cre;Ai14-643791.09.06.01,1212559334,,,,Negative,PJS4_220920_801_A01,LC,nucleus_present,http://lims2/focal_plane_image_series?id=1215786260,,,,PB,,,,,PB,TRUE,AB-S40314_S650_E1-50,5471,1212559311,auto_passed,/allen/programs/celltypes/production/mousecelltypes/prod3633/Ephys_Roi_Result_1212559311/,FALSE,FALSE,FALSE,yes,
9/20/22,643791,Gad2-IRES-Cre;Ai14-643791.10.06.02,1212557968,,,,Negative,P4S4_220920_152_A01,LC,nucleus_present,http://lims2/focal_plane_image_series?id=1215786339,,,,LC,,,,,PCG,TRUE,AB-S40314_S639_E1-50,2784,1212557784,auto_passed,/allen/programs/celltypes/production/mousecelltypes/prod3633/Ephys_Roi_Result_1212557784/,FALSE,FALSE,FALSE,yes,
9/20/22,643791,Gad2-IRES-Cre;Ai14-643791.09.06.02,1212569320,,,,Negative,PJS4_220920_802_A01,LC,nucleus_present,http://lims2/focal_plane_image_series?id=1215786260,63x go,deferred,http://lims2/focal_plane_image_series?id=1224608452,PB,10569.11426,4145.165039,4518,,LC,FALSE,AB-S40314_S651_E1-50,8531,1212569290,auto_failed,/allen/programs/celltypes/production/mousecelltypes/prod3633/Ephys_Roi_Result_1212569290/,TRUE,FALSE,FALSE,yes,
9/20/22,,Gad2-IRES-Cre;Ai14-643791.10.06.03,1212572552,,,,Negative,P4S4_220920_153_A01,LC,nucleus_present,http://lims2/focal_plane_image_series?id=1215786339,63x go,image_qc_passed,http://lims2/focal_plane_image_series?id=1242049493,,,,,,PCG,FALSE,AB-S40314_S640_E1-50,9938,1212572517,auto_passed,/allen/programs/celltypes/production/mousecelltypes/prod3633/Ephys_Roi_Result_1212572517/,FALSE,FALSE,FALSE,yes,
9/20/22,643791,Gad2-IRES-Cre;Ai14-643791.10.06.01,1212546758,,,,Negative,P4S4_220920_151_A01,LC,nucleus_present,http://lims2/focal_plane_image_series?id=1215786339,63x no go,,,,,,,,PCG,FALSE,AB-S40314_S638_E1-50,11132,1212546732,auto_passed,/allen/programs/celltypes/production/mousecelltypes/prod3633/Ephys_Roi_Result_1212546732/,FALSE,FALSE,FALSE,yes,
9/20/22,,Gad2-IRES-Cre;Ai14-643791.10.06.04,1212580074,,,,Negative,P4S4_220920_154_A01,LC,nucleus_present,http://lims2/focal_plane_image_series?id=1215786339,63x no go,,,,,,,,LDT,FALSE,AB-S40314_S649_E1-50,5928,1212579992,auto_passed,/allen/programs/celltypes/production/mousecelltypes/prod3633/Ephys_Roi_Result_1212579992/,FALSE,FALSE,FALSE,yes,
9/21/22,643792,Gad2-IRES-Cre;Ai14-643792.10.06.01,1212844896,,,,Positive,PNS4_220921_851_A01,LC,nucleus_present,http://lims2/focal_plane_image_series?id=1215786490,,,,,,,,,PB,TRUE,AB-S40314_S667_E1-50,3733,1212844807,auto_failed,/allen/programs/celltypes/production/mousecelltypes/prod3633/Ephys_Roi_Result_1212844807/,FALSE,FALSE,FALSE,yes,
10/7/22,646204,Chat-IRES-Cre-neo;Ai14-646204.10.06.01,1216286451,,,,Negative,PNS4_221007_851_A01,LC,nucleus_present,http://lims2/focal_plane_image_series?id=1220583776,63x no go,,,,,,,,PB,FALSE,AB-S40316_S475_E1-50,8588,1216286432,auto_passed,/allen/programs/celltypes/production/mousecelltypes/prod3635/Ephys_Roi_Result_1216286432/,FALSE,FALSE,FALSE,yes,
10/7/22,,Chat-IRES-Cre-neo;Ai14-646204.10.06.02,1216304088,,,,Negative,PNS4_221007_852_A01,LC,nucleus_present,http://lims2/focal_plane_image_series?id=1220583776,63x no go,,,,,,,,PB,FALSE,AB-S40316_S476_E1-50,8991,1216304070,auto_passed,/allen/programs/celltypes/production/mousecelltypes/prod3635/Ephys_Roi_Result_1216304070/,FALSE,FALSE,FALSE,yes,
10/7/22,,Chat-IRES-Cre-neo;Ai14-646204.10.06.03,1216310187,,,,Negative,PNS4_221007_853_A01,LC,nucleus_absent,http://lims2/focal_plane_image_series?id=1220583776,63x no go,,,PB,10312.9082,4247.868652,4536.5,,LC,FALSE,AB-S40316_S477_E1-50,8718,1216310165,auto_failed,/allen/programs/celltypes/production/mousecelltypes/prod3635/Ephys_Roi_Result_1216310165/,TRUE,FALSE,FALSE,yes,
10/27/22,,C57BL6J-647687.09.06.01,1221572804,,,,Negative,P4S4_221027_152_A01,LC,nucleus_present,http://lims2/focal_plane_image_series?id=1226253489,63x go,deferred,http://lims2/focal_plane_image_series?id=1245756527,PPN,9941.983398,4345.217773,4924,,LC,FALSE,AB-S40317_S470_E1-50,10240,1221572770,auto_failed,/allen/programs/celltypes/production/mousecelltypes/prod3648/Ephys_Roi_Result_1221572770/,FALSE,FALSE,TRUE,yes,
2/9/23,,Rbp4-Cre_KL100;Ai14-661820.08.06.05,1246112075,,,,Positive,P4S4_230209_155_A01,LC,nucleus_present,http://lims2/focal_plane_image_series?id=1250428352,63x go,deferred,http://lims2/focal_plane_image_series?id=1267947799,PB,10502.85449,4350.614746,4651,,LC,FALSE,AB-S40324_S758_E1-50,9624,1246112032,auto_passed,/allen/programs/celltypes/production/mousecelltypes/prod3688/Ephys_Roi_Result_1246112032/,FALSE,FALSE,FALSE,yes,
6/2/23,,Dbh-Cre_KH212;RCL-H2B-GFP-676766.10.06.01,1274322564,,,,Positive,P4S4_230602_151_A01,LC,nucleus_present,http://lims2/focal_plane_image_series?id=1277608590,63x go,deferred,http://lims2/focal_plane_image_series?id=1301656025,LDT,10501.4082,4252.699707,5034,,LC_genotype,FALSE,AB-S40335_S430_E1-50,9546,1274322537,auto_passed,/allen/programs/celltypes/production/mousecelltypes/prod3746/Ephys_Roi_Result_1274322537/,FALSE,FALSE,FALSE,yes,
11/2/22,,Rbp4-Cre_KL100;Ai14-650443.10.06.03,1223279348,,,,Negative,P4S4_221102_156_A01,LC,nucleus_present,http://lims2/focal_plane_image_series?id=1226253574,63x go,deferred,http://lims2/focal_plane_image_series?id=1250673973,,,,,,PB,FALSE,AB-S40318_S394_E1-50,9441,1223279327,auto_failed,/allen/programs/celltypes/production/mousecelltypes/prod3649/Ephys_Roi_Result_1223279327/,FALSE,FALSE,TRUE,yes,
11/2/22,,Rbp4-Cre_KL100;Ai14-650443.10.06.01,1223263383,,,,Negative,P4S4_221102_154_A01,LC,nucleus_present,http://lims2/focal_plane_image_series?id=1226253574,63x no go,,,,,,,,PB,FALSE,AB-S40318_S392_E1-50,7968,1223263357,auto_passed,/allen/programs/celltypes/production/mousecelltypes/prod3649/Ephys_Roi_Result_1223263357/,FALSE,FALSE,FALSE,yes,
11/2/22,,Rbp4-Cre_KL100;Ai14-650443.10.06.02,1223270873,,,,Negative,P4S4_221102_155_A01,LC,unknown,http://lims2/focal_plane_image_series?id=1226253574,63x no go,,,PPN,10079.94727,4292.918457,4614.725586,,LC,FALSE,AB-S40318_S393_E1-50,7675,1223270843,auto_failed,/allen/programs/celltypes/production/mousecelltypes/prod3649/Ephys_Roi_Result_1223270843/,FALSE,FALSE,TRUE,yes,
11/11/22,,Pvalb-IRES-Cre;Ai14-650959.11.06.01,1225369554,,,,Negative,P4S4_221111_151_A01,LC,nucleus_absent,http://lims2/focal_plane_image_series?id=1229415841,,,,LDT,10309.90918,4242.053223,4924.47998,,LC,TRUE,AB-S40318_S468_E1-50,3922,1225369531,auto_passed,/allen/programs/celltypes/production/mousecelltypes/prod3659/Ephys_Roi_Result_1225369531/,FALSE,FALSE,FALSE,yes,
11/11/22,,Pvalb-IRES-Cre;Ai14-650959.11.06.03,1225399677,,,,Negative,P4S4_221111_152_A01,LC,unknown,http://lims2/focal_plane_image_series?id=1229415841,63x no go,,,P,10298.79199,3951.856201,4924.47998,,LC,FALSE,AB-S40318_S469_E1-50,6612,1225399459,auto_passed,/allen/programs/celltypes/production/mousecelltypes/prod3660/Ephys_Roi_Result_1225399459/,FALSE,FALSE,FALSE,yes,
6/2/23,,Dbh-Cre_KH212;RCL-H2B-GFP-676766.10.06.02,1274336748,,,,Positive,P4S4_230602_152_A01,LC,nucleus_present,http://lims2/focal_plane_image_series?id=1277608590,63x go,deferred,http://lims2/focal_plane_image_series?id=1303026220,LDT,10424.48242,4059.01001,5034,,LC_genotype,FALSE,AB-S40335_S431_E1-50,11027,1274336712,auto_passed,/allen/programs/celltypes/production/mousecelltypes/prod3746/Ephys_Roi_Result_1274336712/,FALSE,FALSE,FALSE,yes,
11/15/22,,Dbh-Cre_KH212;RCL-Sun1sfGFP-neo-650884.08.06.01,1226243650,,,,Negative,PNS4_221115_851_A01,LC,nucleus_present,http://lims2/focal_plane_image_series?id=1229416009,63x no go,,,PB,10385.08496,3905.39917,4237,,LC,FALSE,AB-S40319_S589_E1-50,11451,1226243627,auto_passed,/allen/programs/celltypes/production/mousecelltypes/prod3662/Ephys_Roi_Result_1226243627/,FALSE,FALSE,FALSE,yes,
9/22/23,,Dbh-Cre_KH212;RCL-H2B-GFP-695527.10.06.02,1298856942,,,,Positive,P6S4_230922_403_A01,LC,nucleus_present,http://lims2/focal_plane_image_series?id=1302746026,63x go,deferred,http://lims2/focal_plane_image_series?id=1342724459,NTS,12264.18262,5218.503906,4998,,LC_genotype,FALSE,AB-S40347_S382_E1-50,9976,1298856658,auto_failed,/allen/programs/celltypes/production/mousecelltypes/prod3797/Ephys_Roi_Result_1298856658/,FALSE,FALSE,TRUE,yes,
11/15/22,,Dbh-Cre_KH212;RCL-Sun1sfGFP-neo-650884.09.06.02,1226263121,,,,Negative,P4S4_221115_152_A01,LC,unknown,http://lims2/focal_plane_image_series?id=1229416089,63x no go,,,PB,10251.69727,4221.268066,4590,,LC,FALSE,AB-S40318_S476_E1-50,9661,1226263087,auto_passed,/allen/programs/celltypes/production/mousecelltypes/prod3662/Ephys_Roi_Result_1226263087/,FALSE,FALSE,FALSE,yes,
1/4/24,,Dbh-Cre_KH212;RCL-H2B-GFP-710877.11.06.02,1321654152,,,,Positive,P4S4_240104_152_A01,LC,nucleus_present,http://lims2/focal_plane_image_series?id=1327945056,63x go,deferred,http://lims2/focal_plane_image_series?id=1364664491,LDT,10384.82621,4159.570313,4932.195352,,LC_genotype,FALSE,AB-S40356_S585_E1-50,8875,1321654119,auto_passed,/allen/programs/celltypes/production/mousecelltypes/prod3853/Ephys_Roi_Result_1321654119/,FALSE,FALSE,FALSE,yes,
2/29/24,718807,Dbh-Cre_KH212;RCL-H2B-GFP-718807.10.06.01,1334361435,None,,None,Positive,P9S4_240229_551_A01,LC,nucleus_present,http://lims2/focal_plane_image_series?id=1341438766,63x go,deferred,http://lims2/focal_plane_image_series?id=1348038202,CUN,9773.430664,3410.241943,4521.342285,,LC_genotype,FALSE,AB-S40360_S591_E1-50,6524,1334361355,auto_passed,/allen/programs/celltypes/production/mousecelltypes/prod3869/Ephys_Roi_Result_1334361355/,FALSE,FALSE,FALSE,yes,
3/20/24,722426,C57BL6J-722426.10.06.03,1339183091,None,,None,Negative,P4S4_240320_156_A01,LC,nucleus_absent,http://lims2/focal_plane_image_series?id=1343396766,63x go,deferred,http://lims2/focal_plane_image_series?id=1365482443,PB,10278.39355,3766.850098,4429.071777,,LC_enhancer,FALSE,AB-S40361_S624_E1-50,8355,1339183065,auto_failed,/allen/programs/celltypes/production/mousecelltypes/prod3870/Ephys_Roi_Result_1339183065/,TRUE,FALSE,FALSE,yes,
11/17/22,,Slc17a6-IRES-Cre;Ai14-651168.10.06.01,1226737249,,,,Positive,P4S4_221117_151_A01,LC,nucleus_present,http://lims2/focal_plane_image_series?id=1230903077,63x no go,,,PB,10347.20801,4123.347168,4529,,LC,FALSE,AB-S40319_S609_E1-50,11719,1226737224,auto_passed,/allen/programs/celltypes/production/mousecelltypes/prod3664/Ephys_Roi_Result_1226737224/,FALSE,FALSE,FALSE,yes,
3/29/24,724914,Dbh-Cre_KH212;RCL-H2B-GFP-724914.10.06.01,1341400825,None,,None,Positive,P6S4_240329_401_A01,LC,unknown,http://lims2/focal_plane_image_series?id=1345824281,63x go,deferred,http://lims2/focal_plane_image_series?id=1366692834,P,10318.49902,4690.901855,4822,,LC_genotype,FALSE,AB-S40362_S425_E1-50,10192,1341400782,auto_passed,/allen/programs/celltypes/production/mousecelltypes/prod3884/Ephys_Roi_Result_1341400782/,FALSE,FALSE,FALSE,yes,
10/27/22,,C57BL6J-647687.09.06.02,1221582948,,,,Negative,P4S4_221027_153_A01,LC,nucleus_present,http://lims2/focal_plane_image_series?id=1226253489,63x go,rescanning,http://lims2/focal_plane_image_series?id=1249473882,MRN,10124.27637,4279.598633,4924,,LC,FALSE,AB-S40317_S471_E1-50,11687,1221582919,auto_passed,/allen/programs/celltypes/production/mousecelltypes/prod3648/Ephys_Roi_Result_1221582919/,FALSE,FALSE,FALSE,yes,
11/18/22,,Slc17a6-IRES-Cre;Ai14-651169.10.06.01,1226975727,,,,Positive,PNS4_221118_851_A01,LC,nucleus_present,http://lims2/focal_plane_image_series?id=1230903313,63x no go,,,PPN,9941.099609,4474.952637,4455,,LC,FALSE,AB-S40319_S625_E1-50,8799,1226975695,auto_passed,/allen/programs/celltypes/production/mousecelltypes/prod3665/Ephys_Roi_Result_1226975695/,FALSE,FALSE,FALSE,yes,
11/18/22,,Slc17a6-IRES-Cre;Ai14-651169.10.06.02,1226989930,,,,Positive,PNS4_221118_852_A01,LC,nucleus_present,http://lims2/focal_plane_image_series?id=1230903313,63x no go,,,PB,10240.16113,4239.668457,4455,,LC,FALSE,AB-S40319_S626_E1-50,6528,1226989394,auto_passed,/allen/programs/celltypes/production/mousecelltypes/prod3665/Ephys_Roi_Result_1226989394/,FALSE,FALSE,FALSE,yes,
11/11/22,,Pvalb-IRES-Cre;Ai14-650959.11.06.04,1225428357,,,,Negative,P4S4_221111_153_A01,LC,nucleus_present,http://lims2/focal_plane_image_series?id=1229415841,63x go,image_qc_passed,http://lims2/focal_plane_image_series?id=1279539137,PCG,10454.35413,3957.801227,4924.48,,LC,FALSE,AB-S40318_S470_E1-50,9345,1225428293,auto_passed,/allen/programs/celltypes/production/mousecelltypes/prod3661/Ephys_Roi_Result_1225428293/,FALSE,FALSE,FALSE,yes,
11/15/22,,Dbh-Cre_KH212;RCL-Sun1sfGFP-neo-650884.09.06.01,1226248538,,,,Negative,P4S4_221115_151_A01,LC,nucleus_present,http://lims2/focal_plane_image_series?id=1229416089,63x go,image_qc_passed,http://lims2/focal_plane_image_series?id=1279535866,PB,10395.82031,4115.458496,4590,,LC,FALSE,AB-S40318_S475_E1-50,10351,1226248503,auto_passed,/allen/programs/celltypes/production/mousecelltypes/prod3662/Ephys_Roi_Result_1226248503/,FALSE,FALSE,FALSE,yes,
1/5/23,,Slc17a6-IRES-Cre;Ai14-657699.10.05.03,1237687768,,,,Positive,PNS4_230105_853_A01,LC,nucleus_present,http://lims2/focal_plane_image_series?id=1242074619,63x go,image_qc_passed,http://lims2/focal_plane_image_series?id=1284646868,,,,,,PB,FALSE,AB-S40322_S596_E1-50,12037,1237687683,auto_failed,/allen/programs/celltypes/production/mousecelltypes/prod3670/Ephys_Roi_Result_1237687683/,TRUE,FALSE,FALSE,yes,
1/5/23,,Slc17a6-IRES-Cre;Ai14-657699.10.05.01,1237686545,,,,Positive,PNS4_230105_851_A01,LC,nucleus_present,http://lims2/focal_plane_image_series?id=1242074619,63x no go,,,,,,,,PB,FALSE,AB-S40322_S594_E1-50,13407,1237686521,auto_passed,/allen/programs/celltypes/production/mousecelltypes/prod3670/Ephys_Roi_Result_1237686521/,FALSE,FALSE,FALSE,yes,
1/5/23,,Slc17a6-IRES-Cre;Ai14-657699.10.05.02,1237687084,,,,Positive,PNS4_230105_852_A01,LC,nucleus_present,http://lims2/focal_plane_image_series?id=1242074619,63x no go,,,,,,,,PB,FALSE,AB-S40322_S595_E1-50,12454,1237687056,auto_passed,/allen/programs/celltypes/production/mousecelltypes/prod3670/Ephys_Roi_Result_1237687056/,FALSE,FALSE,FALSE,yes,
11/15/22,,Dbh-Cre_KH212;RCL-Sun1sfGFP-neo-650884.09.06.03,1226268502,,,,Negative,P4S4_221115_153_A01,LC,unknown,http://lims2/focal_plane_image_series?id=1229416089,63x go,image_qc_passed,http://lims2/focal_plane_image_series?id=1286103553,PB,10349.46387,4298.276855,4590,,LC,FALSE,AB-S40318_S477_E1-50,9129,1226268471,auto_passed,/allen/programs/celltypes/production/mousecelltypes/prod3662/Ephys_Roi_Result_1226268471/,FALSE,FALSE,FALSE,yes,
1/11/23,,Rbp4-Cre_KL100;Ai14-658998.09.06.02,1239045492,,,,Negative,P4S4_230111_152_A01,LC,unknown,http://lims2/focal_plane_image_series?id=1242075795,63x no go,,,PB,10569.05664,4084.736084,4630,,LC,FALSE,AB-S40322_S617_E1-50,8396,1239045462,auto_passed,/allen/programs/celltypes/production/mousecelltypes/prod3670/Ephys_Roi_Result_1239045462/,FALSE,FALSE,FALSE,yes,
11/15/22,,Dbh-Cre_KH212;RCL-Sun1sfGFP-neo-650884.09.06.04,1226298605,,,,Negative,P4S4_221115_154_A01,LC,nucleus_present,http://lims2/focal_plane_image_series?id=1229416089,63x go,image_qc_passed,http://lims2/focal_plane_image_series?id=1288260201,PB,10255.02832,4472.496094,4590,,LC,FALSE,AB-S40318_S478_E1-50,10656,1226298432,auto_passed,/allen/programs/celltypes/production/mousecelltypes/prod3663/Ephys_Roi_Result_1226298432/,FALSE,FALSE,FALSE,yes,
1/11/23,,Rbp4-Cre_KL100;Ai14-658998.09.06.04,1239046529,,,,Negative,P4S4_230111_154_A01,LC,unknown,http://lims2/focal_plane_image_series?id=1242075795,63x no go,,,PB,10657.64063,4105.258789,4630,,LC,FALSE,AB-S40322_S619_E1-50,8421,1239046500,auto_passed,/allen/programs/celltypes/production/mousecelltypes/prod3670/Ephys_Roi_Result_1239046500/,FALSE,FALSE,FALSE,yes,
1/12/23,,Rbp4-Cre_KL100;Ai14-659000.10.06.02,1239290032,,,,Negative,P4S4_230112_151_A01,LC,nucleus_present,http://lims2/focal_plane_image_series?id=1243545447,63x go,deferred,http://lims2/focal_plane_image_series?id=1249134983,,,,,,LDT,FALSE,AB-S40322_S631_E1-50,9381,1239290002,auto_passed,/allen/programs/celltypes/production/mousecelltypes/prod3670/Ephys_Roi_Result_1239290002/,FALSE,FALSE,FALSE,yes,
1/12/23,,Rbp4-Cre_KL100;Ai14-659000.10.06.03,1239290535,,,,Negative,P4S4_230112_152_A01,LC,nucleus_present,http://lims2/focal_plane_image_series?id=1243545447,63x go,deferred,http://lims2/focal_plane_image_series?id=1249469146,,,,,,LDT,FALSE,AB-S40322_S632_E1-50,9707,1239290507,auto_passed,/allen/programs/celltypes/production/mousecelltypes/prod3670/Ephys_Roi_Result_1239290507/,FALSE,FALSE,FALSE,yes,
1/12/23,,Rbp4-Cre_KL100;Ai14-659000.10.06.04,1239292153,,,,Negative,P4S4_230112_153_A01,LC,nucleus_present,http://lims2/focal_plane_image_series?id=1243545447,63x no go,,,,,,,,LDT,FALSE,AB-S40322_S633_E1-50,7182,1239292125,auto_passed,/allen/programs/celltypes/production/mousecelltypes/prod3670/Ephys_Roi_Result_1239292125/,FALSE,FALSE,FALSE,yes,
11/15/22,,Dbh-Cre_KH212;RCL-Sun1sfGFP-neo-650884.09.06.05,1226307625,,,,Negative,P4S4_221115_155_A01,LC,nucleus_present,http://lims2/focal_plane_image_series?id=1229416089,63x go,image_qc_passed,http://lims2/focal_plane_image_series?id=1298483623,PB,10371.63574,4207.243164,4590,,LC,FALSE,AB-S40318_S479_E1-50,10554,1226307472,auto_failed,/allen/programs/celltypes/production/mousecelltypes/prod3663/Ephys_Roi_Result_1226307472/,FALSE,FALSE,TRUE,yes,
1/13/23,,Rbp4-Cre_KL100;Ai14-659002.11.06.01,1239520667,,,,Negative,P4S4_230113_151_A01,LC,nucleus_present,http://lims2/focal_plane_image_series?id=1243545768,63x no go,,,,,,,,PB,FALSE,AB-S40322_S644_E1-50,10271,1239520636,auto_passed,/allen/programs/celltypes/production/mousecelltypes/prod3670/Ephys_Roi_Result_1239520636/,FALSE,FALSE,FALSE,yes,
1/19/23,,Dbh-Cre_KH212;RCL-H2B-GFP-657884.09.06.01,1240874377,,,,Positive,P4S4_230119_154_A01,LC,nucleus_absent,http://lims2/focal_plane_image_series?id=1245213285,,,,PB,10560.04868,4555.126918,3995.967217,,LC_genotype,TRUE,AB-S40322_S665_E1-50,8982,1240874178,auto_failed,/allen/programs/celltypes/production/mousecelltypes/prod3670/Ephys_Roi_Result_1240874178/,FALSE,FALSE,TRUE,yes,
11/17/22,,Slc17a6-IRES-Cre;Ai14-651168.10.06.02,1226748010,,,,Positive,P4S4_221117_152_A01,LC,nucleus_present,http://lims2/focal_plane_image_series?id=1230903077,63x go,image_qc_passed,http://lims2/focal_plane_image_series?id=1245526711,PB,10288.27246,4340.15332,4529,,LC,FALSE,AB-S40319_S610_E1-50,11037,1226747980,auto_passed,/allen/programs/celltypes/production/mousecelltypes/prod3664/Ephys_Roi_Result_1226747980/,FALSE,FALSE,FALSE,yes,
1/19/23,,Dbh-Cre_KH212;RCL-H2B-GFP-657884.10.06.01,1240884895,,,,Positive,PNS4_230119_852_A01,LC,nucleus_present,http://lims2/focal_plane_image_series?id=1245213198,63x no go,,,SCdg,9649.348633,2523.259033,4728,,LC_genotype,FALSE,AB-S40322_S671_E1-50,8884,1240884652,auto_passed,/allen/programs/celltypes/production/mousecelltypes/prod3670/Ephys_Roi_Result_1240884652/,FALSE,FALSE,FALSE,yes,
11/17/22,,Slc17a6-IRES-Cre;Ai14-651168.10.06.03,1226761160,,,,Positive,P4S4_221117_153_A01,LC,nucleus_absent,http://lims2/focal_plane_image_series?id=1230903077,63x go,image_qc_passed,http://lims2/focal_plane_image_series?id=1272846738,PB,10276.7334,4231.104492,4529,,LC,FALSE,AB-S40319_S611_E1-50,9415,1226760752,auto_failed,/allen/programs/celltypes/production/mousecelltypes/prod3664/Ephys_Roi_Result_1226760752/,FALSE,FALSE,TRUE,yes,
1/19/23,,Ndnf-IRES2-dgCre;Ai14-659661.11.06.02,1240819773,,,,Negative,P4S4_230119_152_A01,LC,unknown,http://lims2/focal_plane_image_series?id=1245213113,63x no go,,,P,10343.25,3981.876465,4894,,LC,FALSE,AB-S40322_S663_E1-50,4931,1240819478,auto_passed,/allen/programs/celltypes/production/mousecelltypes/prod3670/Ephys_Roi_Result_1240819478/,FALSE,FALSE,FALSE,yes,
1/19/23,,Ndnf-IRES2-dgCre;Ai14-659661.11.06.03,1240858554,,,,Negative,P4S4_230119_153_A01,LC,unknown,http://lims2/focal_plane_image_series?id=1245213113,63x no go,,,P,10445.94531,3947.150879,4894,,LC,FALSE,AB-S40322_S664_E1-50,5600,1240858339,auto_passed,/allen/programs/celltypes/production/mousecelltypes/prod3670/Ephys_Roi_Result_1240858339/,FALSE,FALSE,FALSE,yes,
11/18/22,,Slc17a6-IRES-Cre;Ai14-651169.10.06.03,1227016654,,,,Positive,PNS4_221118_853_A01,LC,nucleus_present,http://lims2/focal_plane_image_series?id=1230903313,63x go,image_qc_passed,http://lims2/focal_plane_image_series?id=1268147800,PB,10122.08887,4453.85498,4455,,LC,FALSE,AB-S40319_S627_E1-50,9430,1227016409,auto_passed,/allen/programs/celltypes/production/mousecelltypes/prod3666/Ephys_Roi_Result_1227016409/,FALSE,FALSE,FALSE,yes,
1/20/23,,Ndnf-IRES2-dgCre;Ai14-659663.11.06.02,1241103406,,,,Negative,P4S4_230120_152_A01,LC,nucleus_present,http://lims2/focal_plane_image_series?id=1245213465,,,,LDT,10390.00098,4369.145508,4889,,LC,TRUE,AB-S40324_S581_E1-50,3856,1241103384,auto_passed,/allen/programs/celltypes/production/mousecelltypes/prod3670/Ephys_Roi_Result_1241103384/,FALSE,FALSE,FALSE,yes,
11/18/22,,Slc17a6-IRES-Cre;Ai14-651169.10.06.04,1227029028,,,,Positive,PNS4_221118_854_A01,LC,nucleus_present,http://lims2/focal_plane_image_series?id=1230903313,63x go,image_qc_passed,http://lims2/focal_plane_image_series?id=1266628757,PB,10213.94824,4382.452148,4455,,LC,FALSE,AB-S40319_S628_E1-50,7891,1227028982,auto_passed,/allen/programs/celltypes/production/mousecelltypes/prod3666/Ephys_Roi_Result_1227028982/,FALSE,FALSE,FALSE,yes,
1/11/23,,Rbp4-Cre_KL100;Ai14-658998.09.06.01,1239043873,,,,Negative,P4S4_230111_151_A01,LC,nucleus_present,http://lims2/focal_plane_image_series?id=1242075795,63x go,image_qc_passed,http://lims2/focal_plane_image_series?id=1248945350,PB,10527.09277,4168.492676,4630,,LC,FALSE,AB-S40322_S616_E1-50,10149,1239043845,auto_passed,/allen/programs/celltypes/production/mousecelltypes/prod3670/Ephys_Roi_Result_1239043845/,FALSE,FALSE,FALSE,yes,
2/9/23,,Rbp4-Cre_KL100;Ai14-661820.08.06.04,1246091499,,,,Negative,P4S4_230209_154_A01,LC,nucleus_absent,http://lims2/focal_plane_image_series?id=1250428352,,,,,,,,,PRN,TRUE,AB-S40324_S757_E1-50,5988,1246091406,auto_passed,/allen/programs/celltypes/production/mousecelltypes/prod3688/Ephys_Roi_Result_1246091406/,FALSE,FALSE,FALSE,yes,
2/9/23,,Rbp4-Cre_KL100;Ai14-661820.08.06.02,1246071671,,,,Positive,P4S4_230209_152_A01,LC,nucleus_present,http://lims2/focal_plane_image_series?id=1250428352,63x no go,,,PB,10649.41351,4080.154917,4651,,LC,FALSE,AB-S40324_S755_E1-50,7820,1246071525,auto_passed,/allen/programs/celltypes/production/mousecelltypes/prod3687/Ephys_Roi_Result_1246071525/,FALSE,FALSE,FALSE,yes,
2/9/23,,Rbp4-Cre_KL100;Ai14-661820.07.06.01,1246060977,,,,Positive,PNS4_230209_851_A01,LC,nucleus_present,http://lims2/focal_plane_image_series?id=1250428401,63x no go,,,,,,,,not_identifiable,FALSE,AB-S40324_S765_E1-50,9374,1246060760,auto_passed,/allen/programs/celltypes/production/mousecelltypes/prod3687/Ephys_Roi_Result_1246060760/,FALSE,FALSE,FALSE,yes,
2/9/23,,Rbp4-Cre_KL100;Ai14-661820.07.06.02,1246076036,,,,Positive,PNS4_230209_852_A01,LC,nucleus_present,http://lims2/focal_plane_image_series?id=1250428401,63x no go,,,,,,,,not_identifiable,FALSE,AB-S40324_S766_E1-50,8867,1246075851,auto_passed,/allen/programs/celltypes/production/mousecelltypes/prod3688/Ephys_Roi_Result_1246075851/,FALSE,FALSE,FALSE,yes,
2/9/23,,Rbp4-Cre_KL100;Ai14-661820.08.06.01,1246058682,,,,Positive,P4S4_230209_151_A01,LC,nucleus_present,http://lims2/focal_plane_image_series?id=1250428352,63x no go,,,,,,,,MV,FALSE,AB-S40324_S754_E1-50,10611,1246058467,auto_passed,/allen/programs/celltypes/production/mousecelltypes/prod3687/Ephys_Roi_Result_1246058467/,FALSE,FALSE,FALSE,yes,
2/9/23,,Rbp4-Cre_KL100;Ai14-661820.08.06.03,1246084416,,,,Negative,P4S4_230209_153_A01,LC,unknown,http://lims2/focal_plane_image_series?id=1250428352,63x no go,,,PB,10834.85742,4143.285645,4651,,LC,FALSE,AB-S40324_S756_E1-50,9275,1246084281,auto_passed,/allen/programs/celltypes/production/mousecelltypes/prod3688/Ephys_Roi_Result_1246084281/,FALSE,FALSE,FALSE,yes,
1/11/23,,Rbp4-Cre_KL100;Ai14-658998.09.06.03,1239046015,,,,Negative,P4S4_230111_153_A01,LC,nucleus_present,http://lims2/focal_plane_image_series?id=1242075795,63x go,image_qc_passed,http://lims2/focal_plane_image_series?id=1248952490,PB,10601.35156,4062.142822,4630,,LC,FALSE,AB-S40322_S618_E1-50,10193,1239045986,auto_passed,/allen/programs/celltypes/production/mousecelltypes/prod3670/Ephys_Roi_Result_1239045986/,FALSE,FALSE,FALSE,yes,
2/10/23,,Rbp4-Cre_KL100;Ai14-661821.08.06.01,1246361514,,,,Negative,PNS4_230210_851_A01,LC,nucleus_present,http://lims2/focal_plane_image_series?id=1250429089,,,,,,,,,not_identifiable,TRUE,,,1246361430,auto_passed,/allen/programs/celltypes/production/mousecelltypes/prod3689/Ephys_Roi_Result_1246361430/,FALSE,FALSE,FALSE,yes,
2/10/23,,Rbp4-Cre_KL100;Ai14-661821.08.06.02,1246376240,,,,Negative,PNS4_230210_852_A01,LC,nucleus_present,http://lims2/focal_plane_image_series?id=1250429089,,,,,,,,,not_identifiable,TRUE,,,1246376165,auto_passed,/allen/programs/celltypes/production/mousecelltypes/prod3689/Ephys_Roi_Result_1246376165/,FALSE,FALSE,FALSE,yes,
2/10/23,,Rbp4-Cre_KL100;Ai14-661821.09.06.01,1246391249,,,,Negative,P4S4_230210_151_A01,LC,nucleus_present,http://lims2/focal_plane_image_series?id=1250429722,,,,,,,,,MEV,TRUE,,,1246391218,auto_passed,/allen/programs/celltypes/production/mousecelltypes/prod3689/Ephys_Roi_Result_1246391218/,FALSE,FALSE,FALSE,yes,
2/24/23,,Rbp4-Cre_KL100;Ai14-664218.10.06.01,1249688878,,,,Negative,P4S4_230224_151_A01,LC,nucleus_absent,http://lims2/focal_plane_image_series?id=1253739561,,,,P,10379.69238,4123.517578,4817,,LC,TRUE,,,1249688849,auto_passed,/allen/programs/celltypes/production/mousecelltypes/prod3703/Ephys_Roi_Result_1249688849/,FALSE,FALSE,FALSE,yes,
2/24/23,,Rbp4-Cre_KL100;Ai14-664218.09.06.01,1249688840,,,,Negative,PNS4_230224_851_A01,LC,nucleus_present,http://lims2/focal_plane_image_series?id=1253739437,63x no go,,,,,,,,PB,FALSE,AB-S40326_S492_E1-50,9627,1249688814,auto_passed,/allen/programs/celltypes/production/mousecelltypes/prod3703/Ephys_Roi_Result_1249688814/,FALSE,FALSE,FALSE,yes,
3/15/23,,C57BL6J-665266.11.06.02,1254160695,,,,,P4S4_230315_151_A01,LC,nucleus_present,http://lims2/focal_plane_image_series?id=1257482387,63x no go,,,B,10632.75977,4411.516602,4984,,LC,FALSE,AB-S40328_S096_E1-50,10827,1254160672,auto_failed,/allen/programs/celltypes/production/mousecelltypes/prod3706/Ephys_Roi_Result_1254160672/,FALSE,FALSE,TRUE,yes,
1/13/23,,Rbp4-Cre_KL100;Ai14-659002.11.06.02,1239521645,,,,Negative,P4S4_230113_152_A01,LC,nucleus_present,http://lims2/focal_plane_image_series?id=1243545768,63x go,image_qc_passed,http://lims2/focal_plane_image_series?id=1249383404,MRN,10207.97213,4295.066267,4833,,LC,FALSE,AB-S40322_S645_E1-50,9033,1239521609,auto_passed,/allen/programs/celltypes/production/mousecelltypes/prod3670/Ephys_Roi_Result_1239521609/,FALSE,FALSE,FALSE,yes,
3/15/23,,C57BL6J-665266.11.06.04,1254184251,,,,,P4S4_230315_153_A01,LC,unknown,http://lims2/focal_plane_image_series?id=1257482387,63x no go,,,LDT,10436.15234,4307.800293,4984,,LC,FALSE,AB-S40328_S290_E1-50,6033,1254184221,auto_passed,/allen/programs/celltypes/production/mousecelltypes/prod3706/Ephys_Roi_Result_1254184221/,FALSE,FALSE,FALSE,yes,
1/19/23,,Dbh-Cre_KH212;RCL-H2B-GFP-657884.09.06.02,1240903487,,,,Negative,P4S4_230119_155_A01,LC,nucleus_present,http://lims2/focal_plane_image_series?id=1245213285,63x go,image_qc_passed,http://lims2/focal_plane_image_series?id=1313709117,PB,10683.27244,4489.660645,3987.350572,,LC,FALSE,AB-S40322_S666_E1-50,11046,1240903206,auto_failed,/allen/programs/celltypes/production/mousecelltypes/prod3670/Ephys_Roi_Result_1240903206/,TRUE,FALSE,FALSE,yes,
4/13/23,,Pvalb-IRES-Cre;Ai14-672265.11.06.02,1263779177,,,,Negative,PNS4_230413_852_A01,LC,nucleus_present,http://lims2/focal_plane_image_series?id=1267885356,,,,,,,,,SC,TRUE,AB-S40329_S750_E1-50,3310,1263779148,auto_passed,/allen/programs/celltypes/production/mousecelltypes/prod3715/Ephys_Roi_Result_1263779148/,FALSE,FALSE,FALSE,yes,
4/13/23,,Pvalb-IRES-Cre;Ai14-672265.12.06.01,1263776146,,,,Positive,PBS4_230413_501_A01,LC,unknown,http://lims2/focal_plane_image_series?id=1267885398,,,,,,,,,PCG,TRUE,AB-S40329_S740_E1-50,3571,1263776122,auto_passed,/allen/programs/celltypes/production/mousecelltypes/prod3715/Ephys_Roi_Result_1263776122/,FALSE,FALSE,FALSE,yes,
4/13/23,,Pvalb-IRES-Cre;Ai14-672265.12.06.02,1263805017,,,,Positive,PBS4_230413_502_A01,LC,nucleus_present,http://lims2/focal_plane_image_series?id=1267885398,63x no go,,,,,,,,PCG,FALSE,AB-S40329_S741_E1-50,7646,1263804995,auto_passed,/allen/programs/celltypes/production/mousecelltypes/prod3715/Ephys_Roi_Result_1263804995/,FALSE,FALSE,FALSE,yes,
4/13/23,,Pvalb-IRES-Cre;Ai14-672265.12.06.03,1263820694,,,,Positive,PBS4_230413_503_A01,LC,nucleus_present,http://lims2/focal_plane_image_series?id=1267885398,63x go,image_qc_passed,http://lims2/focal_plane_image_series?id=1395025394,,,,,,PCG,FALSE,AB-S40329_S742_E1-50,7359,1263820648,auto_passed,/allen/programs/celltypes/production/mousecelltypes/prod3715/Ephys_Roi_Result_1263820648/,FALSE,FALSE,FALSE,yes,
4/13/23,,Pvalb-IRES-Cre;Ai14-672265.11.06.01,1263744365,,,,Negative,PNS4_230413_851_A01,LC,nucleus_present,http://lims2/focal_plane_image_series?id=1267885356,63x no go,,,,,,,,SC,FALSE,AB-S40329_S749_E1-50,7187,1263744339,auto_passed,/allen/programs/celltypes/production/mousecelltypes/prod3715/Ephys_Roi_Result_1263744339/,FALSE,FALSE,FALSE,yes,
4/14/23,,Gad2-IRES-Cre;Ai14-670838.11.06.01,1264010426,,,,Positive,PBS4_230414_501_A01,LC,nucleus_absent,http://lims2/focal_plane_image_series?id=1267885481,,,,PCG,10604.41542,4293.967662,6455,,LC,TRUE,AB-S40331_S504_E1-50,5490,1264010400,auto_passed,/allen/programs/celltypes/production/mousecelltypes/prod3715/Ephys_Roi_Result_1264010400/,FALSE,FALSE,FALSE,yes,
4/14/23,,Gad2-IRES-Cre;Ai14-670838.11.06.02,1264095379,,,,Positive,PBS4_230414_502_A01,LC,nucleus_present,http://lims2/focal_plane_image_series?id=1267885481,,,,PCG,10801.43035,4184.514925,6455,,LC,TRUE,AB-S40331_S505_E1-50,7373,1264095357,auto_passed,/allen/programs/celltypes/production/mousecelltypes/prod3715/Ephys_Roi_Result_1264095357/,FALSE,FALSE,FALSE,yes,
1/19/23,,Ndnf-IRES2-dgCre;Ai14-659661.11.06.01,1240807530,,,,Negative,P4S4_230119_151_A01,LC,nucleus_absent,http://lims2/focal_plane_image_series?id=1245213113,63x go,image_qc_passed,http://lims2/focal_plane_image_series?id=1285695784,P,10383.22949,3871.822021,4894,,LC,FALSE,AB-S40322_S662_E1-50,3856,1240807103,auto_passed,/allen/programs/celltypes/production/mousecelltypes/prod3670/Ephys_Roi_Result_1240807103/,FALSE,FALSE,FALSE,yes,
4/18/23,,Slc17a6-IRES-Cre;Ai14-670828.10.06.02,1264790232,,,,Positive,P4S4_230418_152_A01,LC,nucleus_present,http://lims2/focal_plane_image_series?id=1267885895,,,,PCG,,,,,PCG,TRUE,AB-S40329_S767_E1-50,11660,1264790163,auto_passed,/allen/programs/celltypes/production/mousecelltypes/prod3715/Ephys_Roi_Result_1264790163/,FALSE,FALSE,FALSE,yes,
4/18/23,,Slc17a6-IRES-Cre;Ai14-670828.10.06.05,1264849414,,,,Positive,P4S4_230418_154_A01,LC,nucleus_present,http://lims2/focal_plane_image_series?id=1267885895,63x go,image_qc_passed,http://lims2/focal_plane_image_series?id=1286082385,PCG,,,,,PCG,FALSE,AB-S40329_S762_E1-50,7959,1264849342,auto_passed,/allen/programs/celltypes/production/mousecelltypes/prod3715/Ephys_Roi_Result_1264849342/,FALSE,FALSE,FALSE,yes,
4/18/23,,Slc17a6-IRES-Cre;Ai14-670828.10.06.01,1264787153,,,,Negative,P4S4_230418_151_A01,LC,nucleus_present,http://lims2/focal_plane_image_series?id=1267885895,63x no go,,,LDT,,,,,PCG,FALSE,AB-S40329_S766_E1-50,9897,1264787087,auto_passed,/allen/programs/celltypes/production/mousecelltypes/prod3715/Ephys_Roi_Result_1264787087/,FALSE,FALSE,FALSE,yes,
4/18/23,,Slc17a6-IRES-Cre;Ai14-670828.10.06.04,1264802913,,,,Positive,P4S4_230418_153_A01,LC,nucleus_present,http://lims2/focal_plane_image_series?id=1267885895,63x no go,,,PCG,,,,,PCG,FALSE,AB-S40329_S768_E1-50,2637,1264802808,auto_passed,/allen/programs/celltypes/production/mousecelltypes/prod3715/Ephys_Roi_Result_1264802808/,FALSE,FALSE,FALSE,yes,
4/19/23,,Slc17a6-IRES-Cre;Ai14-670829.11.06.01,1265088772,,,,Positive,P4S4_230419_151_A01,LC,unknown,http://lims2/focal_plane_image_series?id=1267886577,63x no go,,,PB,,,,,PRNr,FALSE,AB-S40330_S231_E1-50,5697,1265088736,auto_passed,/allen/programs/celltypes/production/mousecelltypes/prod3715/Ephys_Roi_Result_1265088736/,FALSE,FALSE,FALSE,yes,
4/19/23,,Slc17a6-IRES-Cre;Ai14-670829.11.06.02,1265171440,,,,Positive,P4S4_230419_152_A01,LC,nucleus_present,http://lims2/focal_plane_image_series?id=1267886577,63x no go,,,P,,,,,PRNr,FALSE,AB-S40330_S232_E1-50,10144,1265171216,auto_failed,/allen/programs/celltypes/production/mousecelltypes/prod3715/Ephys_Roi_Result_1265171216/,FALSE,FALSE,TRUE,yes,
4/19/23,,Slc17a6-IRES-Cre;Ai14-670829.11.06.03,1265181734,,,,Positive,P4S4_230419_153_A01,LC,nucleus_present,http://lims2/focal_plane_image_series?id=1267886577,63x no go,,,P,,,,,PRNr,FALSE,AB-S40330_S233_E1-50,9182,1265181516,auto_passed,/allen/programs/celltypes/production/mousecelltypes/prod3715/Ephys_Roi_Result_1265181516/,FALSE,FALSE,FALSE,yes,
4/20/23,,Slc17a6-IRES-Cre;Ai14-670830.10.06.01,1265387649,,,,Positive,P4S4_230420_151_A01,LC,unknown,http://lims2/focal_plane_image_series?id=1269757930,63x go,image_qc_passed,http://lims2/focal_plane_image_series?id=1311504903,LDT,,,,,LDT,FALSE,AB-S40330_S239_E1-50,7255,1265387625,auto_failed,/allen/programs/celltypes/production/mousecelltypes/prod3715/Ephys_Roi_Result_1265387625/,TRUE,FALSE,FALSE,yes,
4/20/23,,Slc17a6-IRES-Cre;Ai14-670830.10.06.03,1265402411,,,,Positive,P4S4_230420_152_A01,LC,nucleus_present,http://lims2/focal_plane_image_series?id=1269757930,63x no go,,,PCG,,,,,PCG,FALSE,AB-S40330_S240_E1-50,10814,1265402384,auto_passed,/allen/programs/celltypes/production/mousecelltypes/prod3715/Ephys_Roi_Result_1265402384/,FALSE,FALSE,FALSE,yes,
4/21/23,,Slc17a6-IRES-Cre;Ai14-670831.10.06.01,1265611490,,,,Positive,PBS4_230421_501_A01,LC,nucleus_present,http://lims2/focal_plane_image_series?id=1269758334,63x go,image_qc_passed,http://lims2/focal_plane_image_series?id=1292443991,LDT,,,,,PB,FALSE,AB-S40330_S260_E1-50,10581,1265611468,auto_passed,/allen/programs/celltypes/production/mousecelltypes/prod3715/Ephys_Roi_Result_1265611468/,FALSE,FALSE,FALSE,yes,
4/21/23,,Slc17a6-IRES-Cre;Ai14-670831.10.06.02,1265624510,,,,Negative,PBS4_230421_502_A01,LC,nucleus_present,http://lims2/focal_plane_image_series?id=1269758334,63x no go,,,PCG,,,,,PB,FALSE,AB-S40330_S261_E1-50,9420,1265624484,auto_passed,/allen/programs/celltypes/production/mousecelltypes/prod3715/Ephys_Roi_Result_1265624484/,FALSE,FALSE,FALSE,yes,
4/25/23,,Slc17a6-IRES-Cre;Ai14-671987.10.06.02,1266381093,,,,Negative,P4S4_230425_152_A01,LC,nucleus_present,http://lims2/focal_plane_image_series?id=1269758808,63x go,image_qc_passed,http://lims2/focal_plane_image_series?id=1292446508,PB,,,,,PRNr,FALSE,AB-S40330_S277_E1-50,9485,1266381069,auto_passed,/allen/programs/celltypes/production/mousecelltypes/prod3715/Ephys_Roi_Result_1266381069/,FALSE,FALSE,FALSE,yes,
4/25/23,,Slc17a6-IRES-Cre;Ai14-671987.10.06.01,1266373980,,,,Negative,P4S4_230425_151_A01,LC,nucleus_present,http://lims2/focal_plane_image_series?id=1269758808,63x no go,,,PB,,,,,PRNr,FALSE,AB-S40330_S276_E1-50,10554,1266373955,auto_failed,/allen/programs/celltypes/production/mousecelltypes/prod3715/Ephys_Roi_Result_1266373955/,FALSE,FALSE,FALSE,yes,
4/25/23,,Slc17a6-IRES-Cre;Ai14-671987.10.06.03,1266391028,,,,Negative,P4S4_230425_153_A01,LC,unknown,http://lims2/focal_plane_image_series?id=1269758808,63x no go,,,PB,,,,,PRNr,FALSE,AB-S40330_S278_E1-50,11195,1266390916,auto_passed,/allen/programs/celltypes/production/mousecelltypes/prod3715/Ephys_Roi_Result_1266390916/,FALSE,FALSE,FALSE,yes,
4/26/23,,Slc17a6-IRES-Cre;Ai14-671988.11.06.01,1266606267,,,,Positive,PBS4_230426_501_A01,LC,nucleus_present,http://lims2/focal_plane_image_series?id=1269759508,63x no go,,,P,,,,,PRNr,FALSE,AB-S40331_S533_E1-50,6119,1266606241,auto_passed,/allen/programs/celltypes/production/mousecelltypes/prod3716/Ephys_Roi_Result_1266606241/,FALSE,FALSE,FALSE,yes,
4/26/23,,Slc17a6-IRES-Cre;Ai14-671988.11.06.02,1266616854,,,,Positive,PBS4_230426_502_A01,LC,nucleus_present,http://lims2/focal_plane_image_series?id=1269759508,63x no go,,,MV,,,,,PCG,FALSE,AB-S40331_S534_E1-50,8312,1266616767,auto_passed,/allen/programs/celltypes/production/mousecelltypes/prod3716/Ephys_Roi_Result_1266616767/,FALSE,FALSE,FALSE,yes,
4/27/23,,Slc17a6-IRES-Cre;Ai14-671990.11.06.01,1266833347,,,,Positive,PBS4_230427_501_A01,LC,nucleus_present,http://lims2/focal_plane_image_series?id=1270596864,63x go,image_qc_passed,http://lims2/focal_plane_image_series?id=1315715986,LDT,,,,,LDT,FALSE,AB-S40331_S558_E1-50,9162,1266833303,auto_passed,/allen/programs/celltypes/production/mousecelltypes/prod3718/Ephys_Roi_Result_1266833303/,FALSE,FALSE,FALSE,yes,
4/27/23,,Slc17a6-IRES-Cre;Ai14-671990.11.06.03,1266874741,,,,Positive,PBS4_230427_503_A01,LC,unknown,http://lims2/focal_plane_image_series?id=1270596864,63x go,image_qc_passed,http://lims2/focal_plane_image_series?id=1317220375,PCG,,,,,PCG,FALSE,AB-S40331_S560_E1-50,10766,1266874573,auto_passed,/allen/programs/celltypes/production/mousecelltypes/prod3718/Ephys_Roi_Result_1266874573/,FALSE,FALSE,FALSE,yes,
4/27/23,,Slc17a6-IRES-Cre;Ai14-671990.11.06.02,1266840504,,,,Positive,PBS4_230427_502_A01,LC,nucleus_present,http://lims2/focal_plane_image_series?id=1270596864,63x no go,,,LDT,,,,,LDT,FALSE,AB-S40331_S559_E1-50,6640,1266840481,auto_passed,/allen/programs/celltypes/production/mousecelltypes/prod3718/Ephys_Roi_Result_1266840481/,FALSE,FALSE,FALSE,yes,
5/30/23,,Slc17a6-IRES-Cre;Ai14-677659.11.06.01,1273632007,,,,Negative,P4S4_230530_151_A01,LC,unknown,http://lims2/focal_plane_image_series?id=1276327459,,,,,,,,,not_identifiable,TRUE,AB-S40334_S313_E1-50,11397,1273631711,auto_passed,/allen/programs/celltypes/production/mousecelltypes/prod3744/Ephys_Roi_Result_1273631711/,FALSE,FALSE,FALSE,yes,
1/20/23,,Ndnf-IRES2-dgCre;Ai14-659663.11.06.01,1241093100,,,,Positive,P4S4_230120_151_A01,LC,nucleus_present,http://lims2/focal_plane_image_series?id=1245213465,63x go,image_qc_passed,http://lims2/focal_plane_image_series?id=1286105285,LDT,,,,,LC,FALSE,AB-S40324_S580_E1-50,8209,1241093078,auto_passed,/allen/programs/celltypes/production/mousecelltypes/prod3670/Ephys_Roi_Result_1241093078/,FALSE,FALSE,FALSE,yes,
1/20/23,,Ndnf-IRES2-dgCre;Ai14-659663.11.06.03,1241117813,,,,Negative,P4S4_230120_153_A01,LC,nucleus_present,http://lims2/focal_plane_image_series?id=1245213465,63x go,image_qc_passed,http://lims2/focal_plane_image_series?id=1288770287,PCG,10391.49707,4161.165039,4889,,LC,FALSE,AB-S40324_S582_E1-50,9009,1241117781,auto_passed,/allen/programs/celltypes/production/mousecelltypes/prod3670/Ephys_Roi_Result_1241117781/,FALSE,FALSE,FALSE,yes,
6/2/23,,Dbh-Cre_KH212;RCL-H2B-GFP-676766.10.06.03,1274341326,,,,Positive,P4S4_230602_153_A01,LC,nucleus_present,http://lims2/focal_plane_image_series?id=1277608590,63x no go,,,LDT,10521.75781,4256.657715,4889,,LC_genotype,FALSE,AB-S40335_S432_E1-50,10468,1274341302,auto_passed,/allen/programs/celltypes/production/mousecelltypes/prod3746/Ephys_Roi_Result_1274341302/,FALSE,FALSE,FALSE,yes,
8/20/23,,Dbh-Cre_KH212;RCL-H2B-GFP-692023.08.06.01,1293759468,,,,Positive,P4S4_230830_151_A01,LC,nucleus_present,http://lims2/focal_plane_image_series?id=1296926572,63x no go,,,PB,10541.87598,4110.681641,5034,,LC_genotype,FALSE,AB-S40345_S722_E1-50,8329,1293759445,auto_passed,/allen/programs/celltypes/production/mousecelltypes/prod3779/Ephys_Roi_Result_1293759445/,FALSE,FALSE,FALSE,yes,
8/20/23,,Dbh-Cre_KH212;RCL-H2B-GFP-692023.08.06.02,1293772945,,,,Positive,P4S4_230830_152_A01,LC,nucleus_present,http://lims2/focal_plane_image_series?id=1296926572,63x no go,,,LC,10702.2832,3840.954834,4727,,LC_genotype,FALSE,AB-S40345_S723_E1-50,7619,1293772912,auto_passed,/allen/programs/celltypes/production/mousecelltypes/prod3779/Ephys_Roi_Result_1293772912/,FALSE,FALSE,FALSE,yes,
8/20/23,,Dbh-Cre_KH212;RCL-H2B-GFP-692023.08.06.03,1293780471,,,,Negative,P4S4_230830_153_A01,LC,nucleus_present,http://lims2/focal_plane_image_series?id=1296926572,63x no go,,,,10761.00195,4288.832031,4727,,,FALSE,AB-S40345_S724_E1-50,11158,1293780422,qc,/allen/programs/celltypes/production/mousecelltypes/prod3779/Ephys_Roi_Result_1293780422/,,,,yes,
8/25/23,,Dbh-Cre_KH212;RCL-H2B-GFP-692022.09.06.01,1292688547,,,,Positive,P6S4_230825_401_A01,LC,nucleus_absent,http://lims2/focal_plane_image_series?id=1296926481,63x no go,,,SCiw,,,,,LC_genotype,FALSE,AB-S40345_S719_E1-50,10727,1292688523,auto_failed,/allen/programs/celltypes/production/mousecelltypes/prod3776/Ephys_Roi_Result_1292688523/,TRUE,FALSE,FALSE,yes,
1/20/23,,Ndnf-IRES2-dgCre;Ai14-659663.11.06.04,1241127675,,,,Negative,P4S4_230120_154_A01,LC,nucleus_absent,http://lims2/focal_plane_image_series?id=1245213465,63x go,image_qc_passed,http://lims2/focal_plane_image_series?id=1265668958,PCG,9531.198242,2449.594727,4265,,LC,FALSE,AB-S40324_S583_E1-50,7165,1241127655,auto_passed,/allen/programs/celltypes/production/mousecelltypes/prod3670/Ephys_Roi_Result_1241127655/,FALSE,FALSE,FALSE,yes,
3/15/23,,C57BL6J-665266.11.06.03,1254168562,,,,,P4S4_230315_152_A01,LC,nucleus_present,http://lims2/focal_plane_image_series?id=1257482387,63x go,image_qc_passed,http://lims2/focal_plane_image_series?id=1272863576,LDT,10451.80957,4402.110352,4889,,LC,FALSE,AB-S40328_S289_E1-50,8877,1254168503,auto_passed,/allen/programs/celltypes/production/mousecelltypes/prod3706/Ephys_Roi_Result_1254168503/,FALSE,FALSE,FALSE,yes,
9/1/23,,Dbh-Cre_KH212;RCL-H2B-GFP-692026.10.10.02,1294311757,,,,Positive,P6S4_230901_402_A01,LC,nucleus_present,http://lims2/focal_plane_image_series?id=1298831034,63x no go,,,PAG,10534.98242,4183.53125,4984,,LC_genotype,FALSE,AB-S40345_S756_E1-50,12388,1294311737,auto_passed,/allen/programs/celltypes/production/mousecelltypes/prod3783/Ephys_Roi_Result_1294311737/,FALSE,FALSE,FALSE,yes,
9/22/23,,Dbh-Cre_KH212;RCL-H2B-GFP-695527.09.06.01,1298835663,,,,Positive,P4S4_230922_151_A01,LC,unknown,http://lims2/focal_plane_image_series?id=1302746085,,,,,10151.01953,3701.974609,4824,cells can't be ID'ed ,LC_genotype,TRUE,AB-S40347_S376_E1-50,8821,1298835612,auto_passed,/allen/programs/celltypes/production/mousecelltypes/prod3797/Ephys_Roi_Result_1298835612/,FALSE,FALSE,FALSE,yes,
9/22/23,,Dbh-Cre_KH212;RCL-H2B-GFP-695527.09.06.02,1298849472,,,,Positive,P4S4_230922_152_A01,LC,unknown,http://lims2/focal_plane_image_series?id=1302746085,,,,,,,,cells can't be ID'ed ,LC_genotype,TRUE,AB-S40347_S377_E1-50,5759,1298849358,auto_passed,/allen/programs/celltypes/production/mousecelltypes/prod3797/Ephys_Roi_Result_1298849358/,FALSE,FALSE,FALSE,yes,
9/22/23,,Dbh-Cre_KH212;RCL-H2B-GFP-695527.09.06.03,1298901337,,,,Positive,P4S4_230922_153_A01,LC,nucleus_present,http://lims2/focal_plane_image_series?id=1302746085,63x no go,,,,,,,cells can't be ID'ed ,LC_genotype,FALSE,AB-S40347_S378_E1-50,9449,1298901226,auto_passed,/allen/programs/celltypes/production/mousecelltypes/prod3797/Ephys_Roi_Result_1298901226/,FALSE,FALSE,FALSE,yes,
9/22/23,,Dbh-Cre_KH212;RCL-H2B-GFP-695527.09.06.04,1298913095,,,,Positive,P4S4_230922_154_A01,LC,nucleus_present,http://lims2/focal_plane_image_series?id=1302746085,63x no go,,,,,,,cells can't be ID'ed ,LC_genotype,FALSE,AB-S40347_S379_E1-50,10148,1298912982,auto_passed,/allen/programs/celltypes/production/mousecelltypes/prod3798/Ephys_Roi_Result_1298912982/,FALSE,FALSE,FALSE,yes,
3/15/23,,C57BL6J-665266.11.06.05,1254191165,,,,,P4S4_230315_154_A01,LC,nucleus_present,http://lims2/focal_plane_image_series?id=1257482387,63x go,image_qc_passed,http://lims2/focal_plane_image_series?id=1277633035,SLD,10672.69531,4637.14502,4984,,LC,FALSE,AB-S40328_S291_E1-50,9460,1254191140,auto_failed,/allen/programs/celltypes/production/mousecelltypes/prod3706/Ephys_Roi_Result_1254191140/,FALSE,FALSE,TRUE,yes,
9/26/23,,Dbh-Cre_KH212;RCL-H2B-GFP-696407.11.06.01,1299777325,,,,Positive,P8S4_230926_351_A01,LC,nucleus_absent,http://lims2/focal_plane_image_series?id=1302746168,,,,DMX,12741.02148,5418.367188,5469,,LC_genotype,TRUE,AB-S40349_S079_E1-50,5135,1299777281,auto_passed,/allen/programs/celltypes/production/mousecelltypes/prod3798/Ephys_Roi_Result_1299777281/,FALSE,FALSE,FALSE,yes,
9/1/23,,Dbh-Cre_KH212;RCL-H2B-GFP-692026.10.10.01,1294301210,,,,Positive,P6S4_230901_401_A01,LC,nucleus_present,http://lims2/focal_plane_image_series?id=1298831034,63x go,image_qc_passed,http://lims2/focal_plane_image_series?id=1313973649,PAG,10076.83203,3630.991211,4824,,LC_genotype,FALSE,AB-S40345_S755_E1-50,10767,1294301190,auto_passed,/allen/programs/celltypes/production/mousecelltypes/prod3783/Ephys_Roi_Result_1294301190/,FALSE,FALSE,FALSE,yes,
9/28/23,,Dbh-Cre_KH212;RCL-H2B-GFP-696409.09.06.01,1300256168,,,,Positive,P8S4_230928_353_A01,LC,nucleus_present,http://lims2/focal_plane_image_series?id=1304148938,,,,LC,10797.04395,4274.578125,4672,,LC_genotype,TRUE,AB-S40349_S089_E1-50,7788,1300256130,auto_passed,/allen/programs/celltypes/production/mousecelltypes/prod3798/Ephys_Roi_Result_1300256130/,FALSE,FALSE,FALSE,yes,
9/28/23,,Dbh-Cre_KH212;RCL-H2B-GFP-696409.09.06.02,1300260174,,,,Positive,P8S4_230928_354_A01,LC,nucleus_absent,http://lims2/focal_plane_image_series?id=1304148938,63x no go,,,SLC,10601.25977,4720.473145,4672,,LC_genotype,FALSE,AB-S40349_S090_E1-50,9470,1300260151,auto_passed,/allen/programs/celltypes/production/mousecelltypes/prod3798/Ephys_Roi_Result_1300260151/,FALSE,FALSE,FALSE,yes,
9/28/23,,Dbh-Cre_KH212;RCL-H2B-GFP-696409.09.06.03,1300270730,,,,Positive,P8S4_230928_355_A01,LC,nucleus_present,http://lims2/focal_plane_image_series?id=1304148938,,,,PB,10530.22363,4262.379395,4672,,LC_genotype,TRUE,AB-S40349_S091_E1-50,8425,1300270674,auto_passed,/allen/programs/celltypes/production/mousecelltypes/prod3798/Ephys_Roi_Result_1300270674/,FALSE,FALSE,FALSE,yes,
9/27/23,,Dbh-Cre_KH212;RCL-H2B-GFP-696408.11.06.01,1299999674,,,,Positive,P8S4_230927_351_A01,LC,nucleus_absent,http://lims2/focal_plane_image_series?id=1302746383,63x go,image_qc_passed,http://lims2/focal_plane_image_series?id=1343410754,LDT,10344.00586,4319.66748,5107,,LC_genotype,FALSE,AB-S40349_S081_E1-50,6338,1299999648,auto_passed,/allen/programs/celltypes/production/mousecelltypes/prod3798/Ephys_Roi_Result_1299999648/,FALSE,FALSE,FALSE,yes,
11/28/23,,Dbh-Cre_KH212;RCL-H2B-GFP-705577.10.06.03,1314019807,,,,Positive,P4S4_231128_152_A01,LC,unknown,http://lims2/focal_plane_image_series?id=1321460255,63x no go,,,PB,10440.95215,4424.850586,4274,,LC_genotype,FALSE,AB-S40355_S214_E1-50,9977,1314019522,auto_passed,/allen/programs/celltypes/production/mousecelltypes/prod3840/Ephys_Roi_Result_1314019522/,FALSE,FALSE,FALSE,yes,
11/28/23,,Dbh-Cre_KH212;RCL-H2B-GFP-705577.11.06.01,1314007202,,,,Negative,P8S4_231128_351_A01,LC,nucleus_present,http://lims2/focal_plane_image_series?id=1321460843,63x go,deferred,http://lims2/focal_plane_image_series?id=1363460682,,,,,,,FALSE,AB-S40355_S218_E1-50,10636,1314006922,auto_passed,/allen/programs/celltypes/production/mousecelltypes/prod3839/Ephys_Roi_Result_1314006922/,FALSE,FALSE,FALSE,yes,
11/30/23,,Dbh-Cre_KH212;RCL-H2B-GFP-705581.10.06.01,1314445875,,,,Positive,P4S4_231130_151_A01,LC,nucleus_absent,http://lims2/focal_plane_image_series?id=1325019638,63x go,image_qc_passed,http://lims2/focal_plane_image_series?id=1341150801,LDT,10322.39941,3860.453613,5131.718262,,LC_genotype,FALSE,AB-S40355_S234_E1-50,9691,1314445850,auto_passed,/allen/programs/celltypes/production/mousecelltypes/prod3843/Ephys_Roi_Result_1314445850/,FALSE,FALSE,FALSE,yes,
11/30/23,,Dbh-Cre_KH212;RCL-H2B-GFP-705581.10.06.02,1314460168,,,,Positive,P4S4_231130_152_A01,LC,nucleus_absent,http://lims2/focal_plane_image_series?id=1325019638,63x no go,,,LDT,10221.96294,4062.23291,5122.931072,,LC_genotype,FALSE,AB-S40355_S235_E1-50,10450,1314459932,auto_passed,/allen/programs/celltypes/production/mousecelltypes/prod3843/Ephys_Roi_Result_1314459932/,FALSE,FALSE,FALSE,yes,
11/30/23,,Dbh-Cre_KH212;RCL-H2B-GFP-705581.10.06.03,1314468697,,,,Positive,P4S4_231130_153_A01,LC,unknown,http://lims2/focal_plane_image_series?id=1325019638,63x go,image_qc_passed,http://lims2/focal_plane_image_series?id=1341485573,LDT,10240.55176,3856.121826,5124.558594,,LC_genotype,FALSE,AB-S40355_S236_E1-50,10226,1314468438,auto_passed,/allen/programs/celltypes/production/mousecelltypes/prod3843/Ephys_Roi_Result_1314468438/,FALSE,FALSE,FALSE,yes,
11/30/23,,Dbh-Cre_KH212;RCL-H2B-GFP-705581.10.06.04,1314491424,,,,Positive,P4S4_231130_154_A01,LC,nucleus_present,http://lims2/focal_plane_image_series?id=1325019638,63x no go,,,LDT,10213.65332,3823.230225,5122.20752,,LC_genotype,FALSE,AB-S40355_S237_E1-50,11565,1314491305,auto_passed,/allen/programs/celltypes/production/mousecelltypes/prod3843/Ephys_Roi_Result_1314491305/,FALSE,FALSE,FALSE,yes,
1/3/24,,Dbh-Cre_KH212;RCL-H2B-GFP-710875.11.06.01,1321446932,,,,Positive,P4S4_240103_151_A01,LC,nucleus_absent,http://lims2/focal_plane_image_series?id=1327227749,,,,PAG,10136.96484,3735.712402,4976,,LC_genotype,TRUE,AB-S40356_S577_E1-50,4794,1321446908,auto_passed,/allen/programs/celltypes/production/mousecelltypes/prod3853/Ephys_Roi_Result_1321446908/,FALSE,FALSE,FALSE,yes,
1/3/24,,Dbh-Cre_KH212;RCL-H2B-GFP-710875.11.06.02,1321456725,,,,Positive,P4S4_240103_152_A01,LC,nucleus_absent,http://lims2/focal_plane_image_series?id=1327227749,63x no go,,,PAG,9952.668945,3634.616211,4976,,LC_genotype,FALSE,AB-S40356_S578_E1-50,7052,1321456699,auto_passed,/allen/programs/celltypes/production/mousecelltypes/prod3853/Ephys_Roi_Result_1321456699/,FALSE,FALSE,FALSE,yes,
1/4/24,,Dbh-Cre_KH212;RCL-H2B-GFP-710877.11.06.01,1321640241,,,,Positive,P4S4_240104_151_A01,LC,nucleus_absent,http://lims2/focal_plane_image_series?id=1327945056,,,,P,10259.70801,3836.192627,4936.562012,,LC_genotype,TRUE,AB-S40356_S584_E1-50,5397,1321640217,auto_passed,/allen/programs/celltypes/production/mousecelltypes/prod3853/Ephys_Roi_Result_1321640217/,FALSE,FALSE,FALSE,yes,
3/20/24,722426,C57BL6J-722426.10.06.01,1339160242,None,,CN4402,Positive,P4S4_240320_154_A01,LC,nucleus_absent,http://lims2/focal_plane_image_series?id=1343396766,63x go,image_qc_passed,http://lims2/focal_plane_image_series?id=1365951752,PB,10428.88965,3966.631592,4418.547852,,LC_enhancer,FALSE,AB-S40361_S622_E1-50,8756,1339160218,auto_failed,/allen/programs/celltypes/production/mousecelltypes/prod3870/Ephys_Roi_Result_1339160218/,TRUE,FALSE,FALSE,yes,
2/28/24,724012,C57BL6J-724012.10.01.01,1333968953,None,,CN3192,Positive,P8S4_240228_351_A01,LC,nucleus_present,http://lims2/focal_plane_image_series?id=1338649422,,,,SLC,10632.64983,4811.541016,4775.278031,,LC_enhancer,TRUE,AB-S40360_S277_E1-50,10903,1333968924,auto_passed,/allen/programs/celltypes/production/mousecelltypes/prod3869/Ephys_Roi_Result_1333968924/,FALSE,FALSE,FALSE,yes,
2/28/24,724012,C57BL6J-724012.10.01.02,1333976678,None,,CN3192,Positive,P8S4_240228_352_A01,LC,unknown,http://lims2/focal_plane_image_series?id=1338649422,,,,LC,10661.50488,4190.54541,4776.285739,,LC_enhancer,TRUE,AB-S40360_S278_E1-50,10941,1333976649,auto_passed,/allen/programs/celltypes/production/mousecelltypes/prod3869/Ephys_Roi_Result_1333976649/,FALSE,FALSE,FALSE,yes,
2/29/24,718807,Dbh-Cre_KH212;RCL-H2B-GFP-718807.09.06.01,1334336043,None,,None,Positive,P6S4_240229_401_A01,LC,nucleus_present,http://lims2/focal_plane_image_series?id=1341438586,,,,CUN,10290.66505,3248.120361,4190.15556,,LC_genotype,TRUE,AB-S40360_S584_E1-50,5846,1334335949,auto_passed,/allen/programs/celltypes/production/mousecelltypes/prod3869/Ephys_Roi_Result_1334335949/,FALSE,FALSE,FALSE,yes,
2/29/24,718807,Dbh-Cre_KH212;RCL-H2B-GFP-718807.09.06.02,1334356829,None,,None,Positive,NA,LC,nucleus_absent,http://lims2/focal_plane_image_series?id=1341438586,,,,CUN,10411.27153,3290.756592,4194.367232,,LC_genotype,NULL,,,1334356796,auto_passed,/allen/programs/celltypes/production/mousecelltypes/prod3869/Ephys_Roi_Result_1334356796/,FALSE,FALSE,FALSE,yes,
4/3/24,724916,Dbh-Cre_KH212;RCL-H2B-GFP-724916.11.06.01,1342517695,None,,None,Positive,PVS4_240403_451_A01,LC,nucleus_present,http://lims2/focal_plane_image_series?id=1345825462,63x go,image_qc_passed,http://lims2/focal_plane_image_series?id=1366695493,P,10636.07226,4142.180664,6550.381884,,LC_genotype,FALSE,AB-S40362_S460_E1-50,4746,1342517280,auto_passed,/allen/programs/celltypes/production/mousecelltypes/prod3894/Ephys_Roi_Result_1342517280/,FALSE,FALSE,FALSE,yes,
2/29/24,718807,Dbh-Cre_KH212;RCL-H2B-GFP-718807.12.06.01,1334355058,None,,None,Positive,P4S4_240229_151_A01,LC,nucleus_absent,http://lims2/focal_plane_image_series?id=1341438844,,,,,,,,cells can't be ID'ed ,LC_genotype,TRUE,AB-S40360_S579_E1-50,5622,1334354954,auto_passed,/allen/programs/celltypes/production/mousecelltypes/prod3869/Ephys_Roi_Result_1334354954/,FALSE,FALSE,FALSE,yes,
2/29/24,718807,Dbh-Cre_KH212;RCL-H2B-GFP-718807.12.06.02,1334368417,None,,None,Positive,P4S4_240229_152_A01,LC,nucleus_present,http://lims2/focal_plane_image_series?id=1341438844,,,,,,,,cells can't be ID'ed ,LC_genotype,TRUE,AB-S40360_S580_E1-50,3889,1334367873,auto_passed,/allen/programs/celltypes/production/mousecelltypes/prod3869/Ephys_Roi_Result_1334367873/,FALSE,FALSE,FALSE,yes,
2/29/24,718807,Dbh-Cre_KH212;RCL-H2B-GFP-718807.12.06.03,1334384734,None,,None,Positive,P4S4_240229_153_A01,LC,nucleus_present,http://lims2/focal_plane_image_series?id=1341438844,63x no go,,,,,,,cells can't be ID'ed ,LC_genotype,FALSE,AB-S40360_S581_E1-50,6701,1334384703,auto_passed,/allen/programs/celltypes/production/mousecelltypes/prod3869/Ephys_Roi_Result_1334384703/,FALSE,FALSE,FALSE,yes,
4/18/23,,Slc17a6-IRES-Cre;Ai14-670828.09.06.01,1264803909,,,,Negative,PVS4_230418_251_A01,LC,nucleus_absent,http://lims2/focal_plane_image_series?id=1267885671,63x go,image_qc_passed,http://lims2/focal_plane_image_series?id=1395028138,B,10593.94434,4309.043457,4827,,LC,FALSE,AB-S40330_S229_E1-50,9466,1264803529,auto_passed,/allen/programs/celltypes/production/mousecelltypes/prod3715/Ephys_Roi_Result_1264803529/,FALSE,FALSE,FALSE,yes,
3/20/24,722426,C57BL6J-722426.10.06.02,1339172039,None,,None,Negative,P4S4_240320_155_A01,LC,nucleus_present,http://lims2/focal_plane_image_series?id=1343396766,63x no go,,,PB,10384.70508,3835.158936,4421.637695,,LC_enhancer,FALSE,AB-S40361_S623_E1-50,10478,1339171867,auto_passed,/allen/programs/celltypes/production/mousecelltypes/prod3870/Ephys_Roi_Result_1339171867/,FALSE,FALSE,FALSE,yes,
9/1/23,,Dbh-Cre_KH212;RCL-H2B-GFP-692026.09.10.01,1294316910,,,,Positive,P6S4_230901_403_A01,LC,unknown,http://lims2/focal_plane_image_series?id=1298831271,63x go,image_qc_passed,http://lims2/focal_plane_image_series?id=1309230038,PB,10632.36522,4103.59082,4629.273731,,LC_genotype,FALSE,AB-S40345_S757_E1-50,7939,1294316890,auto_passed,/allen/programs/celltypes/production/mousecelltypes/prod3783/Ephys_Roi_Result_1294316890/,FALSE,FALSE,FALSE,yes,
11/28/23,,Dbh-Cre_KH212;RCL-H2B-GFP-705577.10.06.02,1314006080,,,,Positive,P4S4_231128_151_A01,LC,nucleus_present,http://lims2/focal_plane_image_series?id=1321460255,63x go,image_qc_passed,http://lims2/focal_plane_image_series?id=1395829028,PB,10573.64063,4339.034668,4274,,LC_genotype,FALSE,AB-S40355_S213_E1-50,10423,1314005711,auto_passed,/allen/programs/celltypes/production/mousecelltypes/prod3839/Ephys_Roi_Result_1314005711/,FALSE,FALSE,FALSE,yes,
3/29/24,725229,Dbh-Cre-KI;Ai65-725229.12.06.01,1341438649,retrograde_labeling,PL,None,Negative,P4S4_240329_151_A01,LC,nucleus_present,http://lims2/focal_plane_image_series?id=1345824691,,,,VTA,8580.564453,4872.313477,4942.258789,,LC_retro,TRUE,AB-S40362_S421_E1-50,9263,1341438545,auto_failed,/allen/programs/celltypes/production/mousecelltypes/prod3884/Ephys_Roi_Result_1341438545/,FALSE,FALSE,TRUE,yes,
10/27/22,,C57BL6J-647687.09.06.03,1221595314,,,,Negative,P4S4_221027_154_A01,LC,nucleus_present,http://lims2/focal_plane_image_series?id=1226253489,63x go,rescanning,http://lims2/focal_plane_image_series?id=1249474741,scp,10094.26953,4146.12207,4924,,LC,FALSE,AB-S40317_S472_E1-50,9178,1221595289,auto_passed,/allen/programs/celltypes/production/mousecelltypes/prod3648/Ephys_Roi_Result_1221595289/,FALSE,FALSE,FALSE,yes,
4/3/24,724916,Dbh-Cre_KH212;RCL-H2B-GFP-724916.11.06.02,1342558771,None,,None,Positive,NA,LC,nucleus_absent,http://lims2/focal_plane_image_series?id=1345825462,,,,B,10606.14161,4338.897461,6549.337105,,LC_genotype,NULL,,,1342558072,auto_failed,/allen/programs/celltypes/production/mousecelltypes/prod3894/Ephys_Roi_Result_1342558072/,FALSE,FALSE,TRUE,yes,
5/14/24,731901,Dbh-Cre-KI;Ai65-731901.11.06.01,1366424447,retrograde_labeling,PL,AAVretro-DIO-FlpO,Positive,P9S4_240514_551_A01,LC,nucleus_present,http://lims2/focal_plane_image_series?id=1370466509,,,,PB,10843.1084,4177.501953,4586.5,,LC_retro,TRUE,AB-S40366_S542_E1-50,6142,1366424417,auto_failed,/allen/programs/celltypes/production/mousecelltypes/prod3955/Ephys_Roi_Result_1366424417/,FALSE,FALSE,FALSE,yes,
5/23/24,734078,Dbh-Cre_KH212;RCL-H2B-GFP-734078.09.06.01,1368351861,None,,None,Positive,NA,LC,nucleus_absent,http://lims2/focal_plane_image_series?id=1372877559,,,,PB,10662.70508,4234.055664,6824,,LC_genotype,NULL,,,1368351819,auto_passed,/allen/programs/celltypes/production/mousecelltypes/prod0/Ephys_Roi_Result_1368351819/,FALSE,FALSE,FALSE,yes,
5/23/24,734078,Dbh-Cre_KH212;RCL-H2B-GFP-734078.09.06.02,1368363628,None,,None,Positive,P9S4_240523_551_A01,LC,nucleus_present,http://lims2/focal_plane_image_series?id=1372877559,,,,PB,10881.69727,4188.761719,6824,,LC_genotype,TRUE,AB-S40368_S319_E1-50,9363,1368363557,auto_passed,/allen/programs/celltypes/production/mousecelltypes/prod0/Ephys_Roi_Result_1368363557/,FALSE,FALSE,FALSE,yes,
5/23/24,734078,Dbh-Cre_KH212;RCL-H2B-GFP-734078.10.06.01,1368371039,None,,None,Positive,P6S4_240523_401_A01,LC,nucleus_absent,http://lims2/focal_plane_image_series?id=1372877172,,,,LDT,10531.46875,3987.768555,5194,,LC_genotype,TRUE,AB-S40368_S306_E1-50,6614,1368370726,auto_passed,/allen/programs/celltypes/production/mousecelltypes/prod0/Ephys_Roi_Result_1368370726/,FALSE,FALSE,FALSE,yes,
5/24/24,734079,Dbh-Cre_KH212;RCL-H2B-GFP-734079.11.06.01,1368594995,None,,None,Positive,P4S4_240524_151_A01,LC,nucleus_absent,http://lims2/focal_plane_image_series?id=1372878449,63x go,image_qc_passed,http://lims2/focal_plane_image_series?id=1401239989,PCG,10447.26758,3777.822021,4988,,LC_genotype,FALSE,AB-S40368_S330_E1-50,4797,1368594961,auto_failed,/allen/programs/celltypes/production/mousecelltypes/prod0/Ephys_Roi_Result_1368594961/,FALSE,FALSE,TRUE,yes,
5/24/24,734079,Dbh-Cre_KH212;RCL-H2B-GFP-734079.11.06.02,1368626985,None,,None,Positive,P4S4_240524_152_A01,LC,nucleus_absent,http://lims2/focal_plane_image_series?id=1372878449,63x go,image_qc_passed,http://lims2/focal_plane_image_series?id=1408614408,PCG,10508.19043,3882.932861,4988,,LC_genotype,FALSE,AB-S40368_S331_E1-50,10546,1368626903,auto_passed,/allen/programs/celltypes/production/mousecelltypes/prod0/Ephys_Roi_Result_1368626903/,FALSE,FALSE,FALSE,yes,
5/28/24,734080,Dbh-Cre_KH212;RCL-H2B-GFP-734080.11.06.01,1369329532,None,,None,Positive,NA,LC,nucleus_absent,http://lims2/focal_plane_image_series?id=1372878823,,,,,,,,getting re-imaged (250120,LC_genotype,NULL,,,1369329498,auto_passed,/allen/programs/celltypes/production/mousecelltypes/prod3957/Ephys_Roi_Result_1369329498/,FALSE,FALSE,FALSE,yes,
6/4/24,734082,Dbh-Cre_KH212;RCL-H2B-GFP-734082.10.06.01,1370736547,None,,None,Positive,P9S4_240604_552_A01,LC,unknown,http://lims2/focal_plane_image_series?id=1375476307,,,,PCG,10743.3752,4243.480758,4976,,LC_genotype,TRUE,AB-S40369_S215_E1-50,3499,1370736516,auto_passed,/allen/programs/celltypes/production/mousecelltypes/prod3957/Ephys_Roi_Result_1370736516/,FALSE,FALSE,FALSE,yes,
6/4/24,734082,Dbh-Cre_KH212;RCL-H2B-GFP-734082.10.06.02,1370756053,None,,None,Positive,P9S4_240604_553_A01,LC,nucleus_present,http://lims2/focal_plane_image_series?id=1375476307,63x go,qc,http://lims2/focal_plane_image_series?id=1414812919,PCG,10811.33789,4311.617676,4976,,LC_genotype,FALSE,AB-S40369_S216_E1-50,9080,1370755920,auto_passed,/allen/programs/celltypes/production/mousecelltypes/prod3957/Ephys_Roi_Result_1370755920/,FALSE,FALSE,FALSE,yes,
7/3/24,740851,Dbh-Cre_KH212;RCL-H2B-GFP-740851.11.06.01,1377731700,None,,None,Positive,NA,LC,nucleus_absent,http://lims2/focal_plane_image_series?id=1381856149,,,,PB,10673.41797,3943.184326,4822,,LC_genotype,NULL,,,1377731667,auto_passed,/allen/programs/celltypes/production/mousecelltypes/prod0/Ephys_Roi_Result_1377731667/,FALSE,FALSE,FALSE,yes,
7/15/24,744122,Dbh-Cre-KI;Ai65-744122.10.06.01,1380276192,retrograde_labeling,"PL, MOs",AAVretro-DIO-FlpO,Positive,P6S4_240715_401_A01,LC,nucleus_absent,http://lims2/focal_plane_image_series?id=1384822798,,,,PB,10751.94043,4069.896973,6686.5,,LC_retro,TRUE,AB-S40371_S672_E1-50,10668,1380276138,auto_passed,/allen/programs/celltypes/production/mousecelltypes/prod3978/Ephys_Roi_Result_1380276138/,FALSE,FALSE,FALSE,yes,
7/15/24,744122,Dbh-Cre-KI;Ai65-744122.10.06.02,1380283052,retrograde_labeling,"PL, MOs",AAVretro-DIO-FlpO,Positive,P6S4_240715_402_A01,LC,nucleus_present,http://lims2/focal_plane_image_series?id=1384822798,63x no go,,,LC,10724.63184,4327.19043,6686.5,,LC_retro,FALSE,AB-S40372_S481_E1-50,12428,1380283018,auto_passed,/allen/programs/celltypes/production/mousecelltypes/prod3978/Ephys_Roi_Result_1380283018/,FALSE,FALSE,FALSE,yes,
7/15/24,744122,Dbh-Cre-KI;Ai65-744122.10.06.03,1380296198,retrograde_labeling,"PL, MOs",AAVretro-DIO-FlpO,Positive,P6S4_240715_403_A01,LC,nucleus_absent,http://lims2/focal_plane_image_series?id=1384822798,63x no go,,,PB,10827.59863,4125.016113,6686.5,,LC_retro,FALSE,AB-S40372_S482_E1-50,9403,1380296153,auto_passed,/allen/programs/celltypes/production/mousecelltypes/prod3978/Ephys_Roi_Result_1380296153/,FALSE,FALSE,FALSE,yes,
7/15/24,744122,Dbh-Cre-KI;Ai65-744122.11.06.01,1380275577,retrograde_labeling,"PL, MOs",AAVretro-DIO-FlpO,Positive,P8S4_240715_351_A01,LC,unknown,http://lims2/focal_plane_image_series?id=1384822914,,,,PCG,10782.63063,4053.616004,5011.5,,LC_retro,TRUE,AB-S40372_S483_E1-50,9362,1380275537,auto_passed,/allen/programs/celltypes/production/mousecelltypes/prod3978/Ephys_Roi_Result_1380275537/,FALSE,FALSE,FALSE,yes,
7/15/24,744122,Dbh-Cre-KI;Ai65-744122.11.06.02,1380286756,retrograde_labeling,"PL, MOs",AAVretro-DIO-FlpO,Positive,P8S4_240715_352_A01,LC,nucleus_present,http://lims2/focal_plane_image_series?id=1384822914,,,,PCG,10689.68359,4292.715332,5011.5,,LC_retro,TRUE,AB-S40372_S484_E1-50,5331,1380286647,auto_passed,/allen/programs/celltypes/production/mousecelltypes/prod3978/Ephys_Roi_Result_1380286647/,FALSE,FALSE,FALSE,yes,
7/15/24,744122,Dbh-Cre-KI;Ai65-744122.11.06.03,1380304381,retrograde_labeling,"PL, MOs",AAVretro-DIO-FlpO,Positive,P8S4_240715_353_A01,LC,unknown,http://lims2/focal_plane_image_series?id=1384822914,63x no go,,,PCG,10721.43652,4171.461914,5011.5,,LC_retro,FALSE,AB-S40372_S485_E1-50,9035,1380304339,auto_passed,/allen/programs/celltypes/production/mousecelltypes/prod3978/Ephys_Roi_Result_1380304339/,FALSE,FALSE,FALSE,yes,
8/20/24,751031,Dbh-Cre-KI;Ai65-751031.09.06.01,1388216412,retrograde_labeling,"PL, MOs",AAVretro-DIO-FlpO,Positive,P4S4_240820_151_A01,LC,nucleus_present,http://lims2/focal_plane_image_series?id=1391868447,63x go,,,PB,10760.04883,4108.164551,4662.30127,,LC_retro,FALSE,AB-S40375_S737_E1-50,9757,1388216355,auto_passed,/allen/programs/celltypes/production/mousecelltypes/prod3981/Ephys_Roi_Result_1388216355/,FALSE,FALSE,FALSE,yes,
8/20/24,751031,Dbh-Cre-KI;Ai65-751031.09.06.02,1388224903,retrograde_labeling,"PL, MOs",AAVretro-DIO-FlpO,Positive,P4S4_240820_152_A01,LC,unknown,http://lims2/focal_plane_image_series?id=1391868447,63x go,,,PB,10912.92188,4151.099609,4675.67627,,LC_retro,FALSE,AB-S40375_S738_E1-50,10178,1388224840,auto_passed,/allen/programs/celltypes/production/mousecelltypes/prod3981/Ephys_Roi_Result_1388224840/,FALSE,FALSE,FALSE,yes,
8/20/24,751031,Dbh-Cre-KI;Ai65-751031.09.06.03,1388239453,retrograde_labeling,"PL, MOs",AAVretro-DIO-FlpO,Positive,P4S4_240820_153_A01,LC,nucleus_absent,http://lims2/focal_plane_image_series?id=1391868447,63x go,,,PB,10677.47166,4255.395996,4655.077325,,LC_retro,FALSE,AB-S40375_S739_E1-50,6935,1388239233,auto_passed,/allen/programs/celltypes/production/mousecelltypes/prod3981/Ephys_Roi_Result_1388239233/,FALSE,FALSE,FALSE,yes,
8/21/24,751029,Dbh-Cre-KI;Ai65-751029.11.06.01,1388478527,retrograde_labeling,"PL, MOs",AAVretro-DIO-FlpO,Positive,P9S4_240821_553_A01,LC,unknown,http://lims2/focal_plane_image_series?id=1391868722,,,,P,10403.97754,3913.549072,6502.788574,,LC_retro,TRUE,,,1388478490,auto_passed,/allen/programs/celltypes/production/mousecelltypes/prod3981/Ephys_Roi_Result_1388478490/,FALSE,FALSE,FALSE,yes,
8/21/24,751029,Dbh-Cre-KI;Ai65-751029.11.06.02,1388484291,retrograde_labeling,"PL, MOs",AAVretro-DIO-FlpO,Positive,P9S4_240821_554_A01,LC,unknown,http://lims2/focal_plane_image_series?id=1391868722,,,,LDT,10458.04102,4061.496582,6500.901367,,LC_retro,TRUE,,,1388484157,auto_passed,/allen/programs/celltypes/production/mousecelltypes/prod3981/Ephys_Roi_Result_1388484157/,FALSE,FALSE,FALSE,yes,
8/23/24,751032,Dbh-Cre-KI;Ai65-751032.10.06.01,1388908235,retrograde_labeling,Crus1,AAVretro-DIO-FlpO,Positive,P8S4_240823_351_A01,LC,nucleus_absent,http://lims2/focal_plane_image_series?id=1393634356,,,,LC,10683.22559,4334.688965,4704.369629,,LC_retro,TRUE,,,1388908077,auto_failed,/allen/programs/celltypes/production/mousecelltypes/prod0/Ephys_Roi_Result_1388908077/,FALSE,FALSE,TRUE,yes,
8/23/24,751032,Dbh-Cre-KI;Ai65-751032.10.06.02,1388916166,retrograde_labeling,Crus1,AAVretro-DIO-FlpO,Positive,NA,LC,nucleus_absent,http://lims2/focal_plane_image_series?id=1393634356,,,,LC,10831.73145,4219.955566,4700.597656,,LC_retro,NULL,,,1388916109,manual_passed,/allen/programs/celltypes/production/mousecelltypes/prod0/Ephys_Roi_Result_1388916109/,FALSE,FALSE,TRUE,yes,
8/30/24,751022,Dbh-Cre-KI;Ai65-751022.11.06.01,1390680004,retrograde_labeling,Crus1,AAVretro-DIO-FlpO,Positive,P8S4_240830_352_A01,LC,nucleus_absent,http://lims2/focal_plane_image_series?id=1396039894,,,,P,10915.75293,4144.88037,4803.911589,,LC_retro,TRUE,,,1390679794,auto_passed,/allen/programs/celltypes/production/mousecelltypes/prod3981/Ephys_Roi_Result_1390679794/,FALSE,FALSE,FALSE,yes,
9/6/24,752561,Dbh-Cre-KI;Ai65-752561.11.06.01,1392357908,retrograde_labeling,C5,AAVretro-DIO-FlpO,Positive,P8S4_240906_352_A01,LC,nucleus_absent,http://lims2/focal_plane_image_series?id=1397654215,,,,B,10700.25879,4361.46582,4852.460449,,LC_retro,TRUE,,,1392357828,auto_failed,/allen/programs/celltypes/production/mousecelltypes/prod0/Ephys_Roi_Result_1392357828/,FALSE,FALSE,TRUE,yes,
9/6/24,752561,Dbh-Cre-KI;Ai65-752561.11.06.02,1392370130,retrograde_labeling,C5,AAVretro-DIO-FlpO,Positive,P8S4_240906_353_A01,LC,nucleus_absent,http://lims2/focal_plane_image_series?id=1397654215,,,,PCG,10669.44238,4214.938965,4837.059082,,LC_retro,TRUE,,,1392370078,auto_passed,/allen/programs/celltypes/production/mousecelltypes/prod0/Ephys_Roi_Result_1392370078/,FALSE,FALSE,FALSE,yes,
9/12/24,755234,Dbh-Cre_KH212;RCL-H2B-GFP-755234.10.06.01,1393881000,None,,None,Positive,P8S4_240912_352_A01,,nucleus_present,,63x no go,,,,,,,,,FALSE,,,1393880949,auto_failed,/allen/programs/celltypes/production/mousecelltypes/prod0/Ephys_Roi_Result_1393880949/,,,,yes,
9/13/24,751021,Dbh-Cre-KI;Ai65-751021.11.06.01,1394073516,retrograde_labeling,C5,AAVretro-DIO-FlpO,Positive,P4S4_240913_151_A01,LC,unknown,http://lims2/focal_plane_image_series?id=1398015887,63x no go,,,PB,10432.4082,4167.56543,4698.531738,,LC_retro,FALSE,,,1394073441,auto_passed,/allen/programs/celltypes/production/mousecelltypes/prod0/Ephys_Roi_Result_1394073441/,FALSE,FALSE,FALSE,yes,
9/13/24,751021,Dbh-Cre-KI;Ai65-751021.11.06.02,1394087331,None,,None,Negative,P4S4_240913_152_A01,LC,unknown,http://lims2/focal_plane_image_series?id=1398015887,63x go,,,MB,10228.89258,3712.888644,4730.324792,,LC_retro,FALSE,,,1394087192,auto_passed,/allen/programs/celltypes/production/mousecelltypes/prod0/Ephys_Roi_Result_1394087192/,FALSE,FALSE,FALSE,yes,
9/13/24,751021,Dbh-Cre-KI;Ai65-751021.11.06.03,1394115845,retrograde_labeling,C5,AAVretro-DIO-FlpO,Positive,P4S4_240913_153_A01,LC,nucleus_present,http://lims2/focal_plane_image_series?id=1398015887,63x no go,,,MV,10651.38128,4843.76378,4673.284468,,LC_retro,FALSE,,,1394115769,auto_passed,/allen/programs/celltypes/production/mousecelltypes/prod0/Ephys_Roi_Result_1394115769/,FALSE,FALSE,FALSE,yes,
9/13/24,752560,Dbh-Cre-KI;Ai65-752560.09.06.01,1394143559,retrograde_labeling,Crus1,AAVretro-DIO-FlpO,Positive,P4S4_240913_154_A01,LC,nucleus_present,http://lims2/focal_plane_image_series?id=1398016003,,,,,,,,getting re-imaged (250120,LC_retro,FALSE,,,1394143501,auto_passed,/allen/programs/celltypes/production/mousecelltypes/prod3983/Ephys_Roi_Result_1394143501/,FALSE,FALSE,FALSE,yes,
9/13/24,752560,Dbh-Cre-KI;Ai65-752560.09.06.02,1394153444,retrograde_labeling,Crus1,AAVretro-DIO-FlpO,Positive,P4S4_240913_155_A01,LC,unknown,http://lims2/focal_plane_image_series?id=1398016003,,,,,,,,getting re-imaged (250120,LC_retro,FALSE,,,1394153301,auto_passed,/allen/programs/celltypes/production/mousecelltypes/prod3983/Ephys_Roi_Result_1394153301/,FALSE,FALSE,FALSE,yes,
9/13/24,752560,Dbh-Cre-KI;Ai65-752560.09.06.03,1394161987,retrograde_labeling,Crus1,AAVretro-DIO-FlpO,Positive,P4S4_240913_156_A01,LC,nucleus_absent,http://lims2/focal_plane_image_series?id=1398016003,,,,,,,,getting re-imaged (250120,LC_retro,FALSE,,,1394161703,auto_passed,/allen/programs/celltypes/production/mousecelltypes/prod3983/Ephys_Roi_Result_1394161703/,FALSE,FALSE,FALSE,yes,
10/24/2024,764667,Dbh-Cre_KH212;RCL-H2B-GFP-764667.09.06.01,1401853616,None,None,None,Positive,P6S4_241024_402_A01,LC,nucleus_present,http://lims2/focal_plane_image_series?id=1404847563,63x go,,,,,,,,LC_genotype,FALSE,,,1401853581,auto_passed,/allen/programs/celltypes/production/mousecelltypes/prod2/Ephys_Roi_Result_1401853581/,,,,,
10/24/2024,764667,Dbh-Cre_KH212;RCL-H2B-GFP-764667.09.06.02,1401858241,None,None,None,Positive,NA,LC,nucleus_absent,http://lims2/focal_plane_image_series?id=1404847563,,,,,,,,,LC_genotype,NULL,,,1401858049,auto_failed,/allen/programs/celltypes/production/mousecelltypes/prod2/Ephys_Roi_Result_1401858049/,,,,,
10/24/2024,764667,Dbh-Cre_KH212;RCL-H2B-GFP-764667.09.06.03,1401875195,None,None,None,Positive,NA,LC,nucleus_absent,http://lims2/focal_plane_image_series?id=1404847563,,,,,,,,,LC_genotype,NULL,,,1401874436,auto_passed,/allen/programs/celltypes/production/mousecelltypes/prod2/Ephys_Roi_Result_1401874436/,,,,,
10/24/2024,764667,Dbh-Cre_KH212;RCL-H2B-GFP-764667.09.06.04,1401913556,None,None,None,Positive,NA,LC,nucleus_absent,http://lims2/focal_plane_image_series?id=1404847563,,,,,,,,,LC_genotype,NULL,,,1401913298,auto_failed,/allen/programs/celltypes/production/mousecelltypes/prod2/Ephys_Roi_Result_1401913298/,,,,,
10/24/2024,764667,Dbh-Cre_KH212;RCL-H2B-GFP-764667.10.06.01,1401854451,None,None,None,Positive,P9S4_241024_553_A01,LC,nucleus_present,http://lims2/focal_plane_image_series?id=1404847532,,,,,,,,,LC_genotype,FALSE,,,1401854370,auto_passed,/allen/programs/celltypes/production/mousecelltypes/prod2/Ephys_Roi_Result_1401854370/,,,,,
10/24/2024,764667,Dbh-Cre_KH212;RCL-H2B-GFP-764667.10.06.02,1401913187,None,None,None,Positive,P9S4_241024_554_A01,LC,nucleus_present,http://lims2/focal_plane_image_series?id=1404847532,,,,,,,,,LC_genotype,FALSE,,,1401912928,auto_passed,/allen/programs/celltypes/production/mousecelltypes/prod2/Ephys_Roi_Result_1401912928/,,,,,
10/25/2024,763842,Dbh-Cre-KI;Ai65-763842.10.06.01,1402045742,retrograde_labeling,Crus I,AAVretro-DIO-FlpO,Positive,P6S4_241025_401_A01,LC,nucleus_present,http://lims2/focal_plane_image_series?id=1404847660,63x no go,,,,,,,,LC_retro,FALSE,,,1402045715,auto_passed,/allen/programs/celltypes/production/mousecelltypes/prod4000/Ephys_Roi_Result_1402045715/,,,,,
10/25/2024,763842,Dbh-Cre-KI;Ai65-763842.10.06.02,1402049377,retrograde_labeling,Crus I,AAVretro-DIO-FlpO,Positive,NA,LC,nucleus_absent,http://lims2/focal_plane_image_series?id=1404847660,,,,,,,,,LC_retro,NULL,,,1402049348,auto_passed,/allen/programs/celltypes/production/mousecelltypes/prod4000/Ephys_Roi_Result_1402049348/,,,,,
10/25/2024,763842,Dbh-Cre-KI;Ai65-763842.11.06.01,1402046922,retrograde_labeling,Crus I,AAVretro-DIO-FlpO,Positive,NA,LC,nucleus_absent,http://lims2/focal_plane_image_series?id=1404847728,,,,,,,,,LC_retro,NULL,,,1402046885,auto_passed,/allen/programs/celltypes/production/mousecelltypes/prod4000/Ephys_Roi_Result_1402046885/,,,,,
10/25/2024,763842,Dbh-Cre-KI;Ai65-763842.11.06.02,1402082940,retrograde_labeling,Crus I,AAVretro-DIO-FlpO,Positive,P9S4_241025_551_A01,LC,unknown,http://lims2/focal_plane_image_series?id=1404847728,63x no go,,,,,,,,LC_retro,FALSE,,,1402082775,auto_passed,/allen/programs/celltypes/production/mousecelltypes/prod4000/Ephys_Roi_Result_1402082775/,,,,,
10/29/2024,763847,Dbh-Cre-KI;Ai65-763847.09.06.01,1402730764,retrograde_labeling,VAL,AAVretro-DIO-FlpO,Positive,P4S4_241029_151_A01,LC,nucleus_present,http://lims2/focal_plane_image_series?id=1404847939,63x no go,,,,,,,,LC_retro,FALSE,,,1402730715,auto_failed,/allen/programs/celltypes/production/mousecelltypes/prod3/Ephys_Roi_Result_1402730715/,,,,,
10/30/2024,763831,Dbh-Cre-KI;Ai65-763831.11.06.01,1402910362,retrograde_labeling,VAL,AAVretro-DIO-FlpO,Positive,P4S4_241030_155_A01,LC,nucleus_present,http://lims2/focal_plane_image_series?id=1404848098,63x no go,,,,,,,,LC_retro,FALSE,,,1402910322,auto_passed,/allen/programs/celltypes/production/mousecelltypes/prod3/Ephys_Roi_Result_1402910322/,,,,,
10/30/2024,763831,Dbh-Cre-KI;Ai65-763831.11.06.02,1402915094,retrograde_labeling,VAL,AAVretro-DIO-FlpO,Positive,P4S4_241030_156_A01,LC,nucleus_present,http://lims2/focal_plane_image_series?id=1404848098,63x no go,,,,,,,,LC_retro,FALSE,,,1402915053,auto_passed,/allen/programs/celltypes/production/mousecelltypes/prod3/Ephys_Roi_Result_1402915053/,,,,,
10/30/2024,763831,Dbh-Cre-KI;Ai65-763831.12.06.01,1402914333,retrograde_labeling,VAL,AAVretro-DIO-FlpO,Positive,P6S4_241030_401_A01,LC,unknown,http://lims2/focal_plane_image_series?id=1404848067,63x go,,,,,,,,LC_retro,FALSE,,,1402914289,auto_failed,/allen/programs/celltypes/production/mousecelltypes/prod4000/Ephys_Roi_Result_1402914289/,,,,,
10/31/2024,762193,Dbh-Cre-KI;Ai65-762193.09.06.01,1403049897,retrograde_labeling,C5,AAVretro-DIO-FlpO,Positive,P9S4_241031_553_A01,LC,nucleus_present,http://lims2/focal_plane_image_series?id=1406436401,63x no go,,,,,,,,LC_retro,FALSE,,,1403049874,auto_passed,/allen/programs/celltypes/production/mousecelltypes/prod3/Ephys_Roi_Result_1403049874/,,,,,
10/31/2024,762193,Dbh-Cre-KI;Ai65-762193.10.06.01,1403055692,retrograde_labeling,C5,AAVretro-DIO-FlpO,Positive,P4S4_241031_152_A01,LC,nucleus_absent,http://lims2/focal_plane_image_series?id=1406436463,63x go,,,,,,,,LC_retro,FALSE,,,1403055667,auto_passed,/allen/programs/celltypes/production/mousecelltypes/prod3/Ephys_Roi_Result_1403055667/,,,,,
10/31/2024,764669,Dbh-Cre_KH212;RCL-H2B-GFP-764669.10.06.01,1403032044,None,None,None,Positive,P4S4_241031_151_A01,LC,nucleus_present,http://lims2/focal_plane_image_series?id=1406436369,,,,,,,,,,FALSE,,,1403031989,auto_passed,/allen/programs/celltypes/production/mousecelltypes/prod3/Ephys_Roi_Result_1403031989/,,,,,
11/01/2024,762198,Dbh-Cre-KI;Ai65-762198.08.06.01,1403199411,retrograde_labeling,C5,AAVretro-DIO-FlpO,Positive,P4S4_241101_152_A01,LC,unknown,http://lims2/focal_plane_image_series?id=1406436657,63x no go,,,,,,,,LC_retro,FALSE,,,1403199378,auto_passed,/allen/programs/celltypes/production/mousecelltypes/prod3/Ephys_Roi_Result_1403199378/,,,,,
11/01/2024,762198,Dbh-Cre-KI;Ai65-762198.08.06.02,1403205076,retrograde_labeling,C5,AAVretro-DIO-FlpO,Positive,P4S4_241101_153_A01,LC,nucleus_absent,http://lims2/focal_plane_image_series?id=1406436657,63x no go,,,,,,,,LC_retro,FALSE,,,1403204984,auto_failed,/allen/programs/celltypes/production/mousecelltypes/prod3/Ephys_Roi_Result_1403204984/,,,,,
11/01/2024,762198,Dbh-Cre-KI;Ai65-762198.08.06.03,1403209325,retrograde_labeling,C5,AAVretro-DIO-FlpO,Positive,P4S4_241101_154_A01,LC,unknown,http://lims2/focal_plane_image_series?id=1406436657,63x no go,,,,,,,,LC_retro,FALSE,,,1403209290,auto_passed,/allen/programs/celltypes/production/mousecelltypes/prod3/Ephys_Roi_Result_1403209290/,,,,,
11/01/2024,762198,Dbh-Cre-KI;Ai65-762198.08.06.04,1403214664,retrograde_labeling,C5,AAVretro-DIO-FlpO,Positive,P4S4_241101_155_A01,LC,unknown,http://lims2/focal_plane_image_series?id=1406436657,63x no go,,,,,,,,LC_retro,FALSE,,,1403214632,auto_failed,/allen/programs/celltypes/production/mousecelltypes/prod3/Ephys_Roi_Result_1403214632/,,,,,
11/01/2024,762198,Dbh-Cre-KI;Ai65-762198.08.06.05,1403222785,retrograde_labeling,C5,AAVretro-DIO-FlpO,Positive,P4S4_241101_156_A01,LC,nucleus_present,http://lims2/focal_plane_image_series?id=1406436657,63x no go,,,,,,,,LC_retro,FALSE,,,1403222752,auto_passed,/allen/programs/celltypes/production/mousecelltypes/prod3/Ephys_Roi_Result_1403222752/,,,,,
11/06/2024,763845,Dbh-Cre-KI;Ai65-763845.10.06.01,1403961205,retrograde_labeling,Crus I,AAVretro-DIO-FlpO,Positive,P8S4_241106_352_A01,LC,nucleus_present,http://lims2/focal_plane_image_series?id=1406436802,63x go,,,,,,,,LC_retro,FALSE,,,1403961154,auto_failed,/allen/programs/celltypes/production/mousecelltypes/prod3/Ephys_Roi_Result_1403961154/,,,,,
11/21/2024,768835,Dbh-Cre_KH212;RCL-H2B-GFP-768835.04.09.01,1406400625,None,None,None,Positive,P4S4_241121_151_A01,LC,nucleus_absent,http://lims2/focal_plane_image_series?id=1413298161,,,,,,,,,LC_genotype,FALSE,,,1406400587,auto_passed,/allen/programs/celltypes/production/mousecelltypes/prod3/Ephys_Roi_Result_1406400587/,,,,,
11/21/2024,768835,Dbh-Cre_KH212;RCL-H2B-GFP-768835.04.09.02,1406404681,None,None,None,Positive,NA,LC,nucleus_absent,http://lims2/focal_plane_image_series?id=1413298161,,,,,,,,,LC_genotype,NULL,,,1406404648,auto_passed,/allen/programs/celltypes/production/mousecelltypes/prod3/Ephys_Roi_Result_1406404648/,,,,,
11/21/2024,768835,Dbh-Cre_KH212;RCL-H2B-GFP-768835.04.09.03,1406415706,None,None,None,Negative,P4S4_241121_152_A01,LC,nucleus_present,http://lims2/focal_plane_image_series?id=1413298161,,,,,,,,,,FALSE,,,1406415579,auto_passed,/allen/programs/celltypes/production/mousecelltypes/prod3/Ephys_Roi_Result_1406415579/,,,,,
11/22/2024,768848,Dbh-Cre_KH212;RCL-H2B-GFP-768848.03.09.01,1406573488,None,None,None,Positive,P4S4_241122_151_A01,LC,nucleus_absent,http://lims2/focal_plane_image_series?id=1413298190,,,,,,,,,LC_genotype,NULL,,,1406573446,auto_passed,/allen/programs/celltypes/production/mousecelltypes/prod3/Ephys_Roi_Result_1406573446/,,,,,
11/22/2024,768848,Dbh-Cre_KH212;RCL-H2B-GFP-768848.03.09.02,1406580304,None,None,None,Positive,NA,LC,nucleus_absent,http://lims2/focal_plane_image_series?id=1413298190,,,,,,,,,LC_genotype,NULL,,,1406580270,auto_passed,/allen/programs/celltypes/production/mousecelltypes/prod3/Ephys_Roi_Result_1406580270/,,,,,
11/22/2024,768848,Dbh-Cre_KH212;RCL-H2B-GFP-768848.04.09.01,1406565771,None,None,None,Positive,NA,LC,nucleus_absent,http://lims2/focal_plane_image_series?id=1413298248,,,,,,,,,LC_genotype,NULL,,,1406565729,auto_passed,/allen/programs/celltypes/production/mousecelltypes/prod3/Ephys_Roi_Result_1406565729/,,,,,
11/22/2024,768848,Dbh-Cre_KH212;RCL-H2B-GFP-768848.05.09.01,1406587625,None,None,None,Positive,P9S4_241122_551_A01,LC,nucleus_present,http://lims2/focal_plane_image_series?id=1413298218,,,,,,,,,LC_genotype,NULL,,,1406587581,auto_passed,/allen/programs/celltypes/production/mousecelltypes/prod3/Ephys_Roi_Result_1406587581/,,,,,
12/03/2024,771649,Dbh-Cre-KI;Ai65-771649.01.01.01,1408234284,None,None,AAVretro-DIO-FlpO,Positive,PVS4_241203_451_A01,LC,nucleus_present,http://lims2/focal_plane_image_series?id=1413298609,,,,,,,,,LC_retro,NULL,,,1408234242,auto_passed,/allen/programs/celltypes/production/mousecelltypes/prod3/Ephys_Roi_Result_1408234242/,,,,,
12/03/2024,771649,Dbh-Cre-KI;Ai65-771649.01.01.02,1408240588,None,None,AAVretro-DIO-FlpO,Positive,PVS4_241203_452_A01,LC,nucleus_present,http://lims2/focal_plane_image_series?id=1413298609,,,,,,,,,LC_retro,NULL,,,1408240530,auto_passed,/allen/programs/celltypes/production/mousecelltypes/prod3/Ephys_Roi_Result_1408240530/,,,,,
12/03/2024,771649,Dbh-Cre-KI;Ai65-771649.01.01.03,1408243632,None,None,AAVretro-DIO-FlpO,Positive,NA,LC,nucleus_absent,http://lims2/focal_plane_image_series?id=1413298609,,,,,,,,,LC_retro,NULL,,,1408243563,auto_passed,/allen/programs/celltypes/production/mousecelltypes/prod3/Ephys_Roi_Result_1408243563/,,,,,
12/03/2024,771649,Dbh-Cre-KI;Ai65-771649.02.01.01,1408234697,None,None,AAVretro-DIO-FlpO,Positive,NA,LC,nucleus_absent,http://lims2/focal_plane_image_series?id=1413298694,,,,,,,,,LC_retro,NULL,,,1408234639,auto_passed,/allen/programs/celltypes/production/mousecelltypes/prod3/Ephys_Roi_Result_1408234639/,,,,,
12/03/2024,771649,Dbh-Cre-KI;Ai65-771649.02.01.02,1408240050,None,None,AAVretro-DIO-FlpO,Positive,NA,LC,nucleus_absent,http://lims2/focal_plane_image_series?id=1413298694,,,,,,,,,LC_retro,NULL,,,1408240012,auto_passed,/allen/programs/celltypes/production/mousecelltypes/prod3/Ephys_Roi_Result_1408240012/,,,,,
12/03/2024,771649,Dbh-Cre-KI;Ai65-771649.02.02.01,1408240422,retrograde_labeling,VAL,AAVretro-DIO-FlpO,Positive,P4S4_241203_151_A01,LC,nucleus_present,http://lims2/focal_plane_image_series?id=1413298722,,,,,,,,,LC_retro,NULL,,,1408240383,auto_passed,/allen/programs/celltypes/production/mousecelltypes/prod3/Ephys_Roi_Result_1408240383/,,,,,
12/03/2024,771649,Dbh-Cre-KI;Ai65-771649.02.02.02,1408243227,retrograde_labeling,VAL,AAVretro-DIO-FlpO,Positive,P4S4_241203_152_A01,LC,nucleus_absent,http://lims2/focal_plane_image_series?id=1413298722,,,,,,,,,LC_retro,NULL,,,1408243185,auto_passed,/allen/programs/celltypes/production/mousecelltypes/prod3/Ephys_Roi_Result_1408243185/,,,,,
12/04/2024,771648,Dbh-Cre-KI;Ai65-771648.05.02.01,1408379811,retrograde_labeling,PL,AAVretro-DIO-FlpO,Positive,NA,LC,nucleus_absent,http://lims2/focal_plane_image_series?id=1413298845,,,,,,,,,LC_retro,NULL,,,1408379787,auto_failed,/allen/programs/celltypes/production/mousecelltypes/prod3/Ephys_Roi_Result_1408379787/,,,,,
12/04/2024,771648,Dbh-Cre-KI;Ai65-771648.05.02.02,1408387907,retrograde_labeling,PL,AAVretro-DIO-FlpO,Positive,NA,LC,nucleus_absent,http://lims2/focal_plane_image_series?id=1413298845,,,,,,,,,LC_retro,NULL,,,1408387866,auto_passed,/allen/programs/celltypes/production/mousecelltypes/prod3/Ephys_Roi_Result_1408387866/,,,,,
12/04/2024,771648,Dbh-Cre-KI;Ai65-771648.06.01.01,1408382282,retrograde_labeling,PL,AAVretro-DIO-FlpO,Positive,P9S4_241204_551_A01,LC,nucleus_present,http://lims2/focal_plane_image_series?id=1413298785,,,,,,,,,LC_retro,NULL,,,1408382056,auto_passed,/allen/programs/celltypes/production/mousecelltypes/prod3/Ephys_Roi_Result_1408382056/,,,,,
12/04/2024,771648,Dbh-Cre-KI;Ai65-771648.06.01.02,1408392785,retrograde_labeling,PL,AAVretro-DIO-FlpO,Positive,NA,LC,nucleus_absent,http://lims2/focal_plane_image_series?id=1413298785,,,,,,,,,LC_retro,NULL,,,1408392699,auto_passed,/allen/programs/celltypes/production/mousecelltypes/prod3/Ephys_Roi_Result_1408392699/,,,,,
12/04/2024,771648,Dbh-Cre-KI;Ai65-771648.06.02.01,1408383961,retrograde_labeling,PL,AAVretro-DIO-FlpO,Positive,P4S4_241204_151_A01,LC,unknown,http://lims2/focal_plane_image_series?id=1413298813,,,,,,,,,LC_retro,NULL,,,1408383903,auto_passed,/allen/programs/celltypes/production/mousecelltypes/prod3/Ephys_Roi_Result_1408383903/,,,,,
12/04/2024,771648,Dbh-Cre-KI;Ai65-771648.06.02.02,1408393223,retrograde_labeling,PL,AAVretro-DIO-FlpO,Positive,P4S4_241204_152_A01,LC,nucleus_present,http://lims2/focal_plane_image_series?id=1413298813,,,,,,,,,LC_retro,NULL,,,1408393162,auto_passed,/allen/programs/celltypes/production/mousecelltypes/prod3/Ephys_Roi_Result_1408393162/,,,,,
12/04/2024,771648,Dbh-Cre-KI;Ai65-771648.07.01.01,1408379765,retrograde_labeling,PL,AAVretro-DIO-FlpO,Positive,NA,LC,nucleus_absent,http://lims2/focal_plane_image_series?id=1413298755,,,,,,,,,LC_retro,NULL,,,1408379728,auto_passed,/allen/programs/celltypes/production/mousecelltypes/prod3/Ephys_Roi_Result_1408379728/,,,,,
12/04/2024,771648,Dbh-Cre-KI;Ai65-771648.07.01.02,1408386680,retrograde_labeling,PL,AAVretro-DIO-FlpO,Positive,NA,LC,nucleus_absent,http://lims2/focal_plane_image_series?id=1413298755,,,,,,,,,LC_retro,NULL,,,1408386647,auto_passed,/allen/programs/celltypes/production/mousecelltypes/prod3/Ephys_Roi_Result_1408386647/,,,,,
12/04/2024,771648,Dbh-Cre-KI;Ai65-771648.07.01.03,1408391679,retrograde_labeling,PL,AAVretro-DIO-FlpO,Positive,NA,LC,nucleus_absent,http://lims2/focal_plane_image_series?id=1413298755,,,,,,,,,LC_retro,NULL,,,1408391640,auto_passed,/allen/programs/celltypes/production/mousecelltypes/prod3/Ephys_Roi_Result_1408391640/,,,,,
12/06/2024,771642,Dbh-Cre-KI;Ai65-771642.05.01.01,1408891091,retrograde_labeling,C5,AAVretro-DIO-FlpO,Positive,P8S4_241206_351_A01,LC,nucleus_absent,,,,,,,,,,LC_retro,NULL,,,1408891040,auto_passed,/allen/programs/celltypes/production/mousecelltypes/prod4/Ephys_Roi_Result_1408891040/,,,,,
12/06/2024,771642,Dbh-Cre-KI;Ai65-771642.05.01.02,1408897186,retrograde_labeling,C5,AAVretro-DIO-FlpO,Positive,NA,LC,nucleus_absent,,,,,,,,,,LC_retro,NULL,,,1408897096,auto_passed,/allen/programs/celltypes/production/mousecelltypes/prod4/Ephys_Roi_Result_1408897096/,,,,,
12/06/2024,771642,Dbh-Cre-KI;Ai65-771642.05.01.03,1408903922,retrograde_labeling,C5,AAVretro-DIO-FlpO,Positive,NA,LC,nucleus_absent,,,,,,,,,,LC_retro,NULL,,,1408903873,auto_failed,/allen/programs/celltypes/production/mousecelltypes/prod4/Ephys_Roi_Result_1408903873/,,,,,
12/06/2024,771642,Dbh-Cre-KI;Ai65-771642.05.02.01,1408891531,retrograde_labeling,C5,AAVretro-DIO-FlpO,Positive,P9S4_241206_551_A01,LC,unknown,,,,,,,,,,LC_retro,NULL,,,1408891476,auto_passed,/allen/programs/celltypes/production/mousecelltypes/prod4/Ephys_Roi_Result_1408891476/,,,,,
12/06/2024,771642,Dbh-Cre-KI;Ai65-771642.05.02.02,1408898922,retrograde_labeling,C5,AAVretro-DIO-FlpO,Positive,P9S4_241206_552_A01,LC,nucleus_present,,,,,,,,,,LC_retro,NULL,,,1408898882,auto_failed,/allen/programs/celltypes/production/mousecelltypes/prod4/Ephys_Roi_Result_1408898882/,,,,,
12/06/2024,771642,Dbh-Cre-KI;Ai65-771642.05.02.03,1408904284,retrograde_labeling,C5,AAVretro-DIO-FlpO,Positive,NA,LC,nucleus_absent,,,,,,,,,,LC_retro,NULL,,,1408904257,auto_passed,/allen/programs/celltypes/production/mousecelltypes/prod4/Ephys_Roi_Result_1408904257/,,,,,
12/06/2024,771642,Dbh-Cre-KI;Ai65-771642.06.02.01,1408896379,retrograde_labeling,C5,AAVretro-DIO-FlpO,Positive,P4S4_241206_151_A01,LC,nucleus_present,,,,,,,,,,LC_retro,NULL,,,1408896351,auto_failed,/allen/programs/celltypes/production/mousecelltypes/prod4/Ephys_Roi_Result_1408896351/,,,,,
12/06/2024,771642,Dbh-Cre-KI;Ai65-771642.06.02.02,1408898861,retrograde_labeling,C5,AAVretro-DIO-FlpO,Positive,P4S4_241206_152_A01,LC,nucleus_absent,,,,,,,,,,LC_retro,NULL,,,1408898832,auto_failed,/allen/programs/celltypes/production/mousecelltypes/prod4/Ephys_Roi_Result_1408898832/,,,,,
12/06/2024,771642,Dbh-Cre-KI;Ai65-771642.06.02.03,1408906290,retrograde_labeling,C5,AAVretro-DIO-FlpO,Positive,P4S4_241206_153_A01,LC,nucleus_present,,,,,,,,,,LC_retro,NULL,,,1408906258,auto_passed,/allen/programs/celltypes/production/mousecelltypes/prod4/Ephys_Roi_Result_1408906258/,,,,,
12/11/2024,771650,Dbh-Cre-KI;Ai65-771650.04.09.01,1409787071,retrograde_labeling,C5,AAVretro-DIO-FlpO,Positive,P4S4_241211_151_A01,LC,unknown,,,,,,,,,,LC_retro,NULL,,,1409787035,auto_passed,/allen/programs/celltypes/production/mousecelltypes/prod5/Ephys_Roi_Result_1409787035/,,,,,
12/11/2024,771650,Dbh-Cre-KI;Ai65-771650.04.09.02,1409794672,None,None,None,Negative,P4S4_241211_152_A01,LC,unknown,,,,,,,,,,,NULL,,,1409794620,auto_passed,/allen/programs/celltypes/production/mousecelltypes/prod5/Ephys_Roi_Result_1409794620/,,,,,
12/11/2024,771650,Dbh-Cre-KI;Ai65-771650.05.09.01,1409788008,retrograde_labeling,C5,AAVretro-DIO-FlpO,Positive,P9S4_241211_551_A01,LC,unknown,,,,,,,,,,LC_retro,NULL,,,1409787965,auto_passed,/allen/programs/celltypes/production/mousecelltypes/prod5/Ephys_Roi_Result_1409787965/,,,,,
12/11/2024,771650,Dbh-Cre-KI;Ai65-771650.05.09.02,1409801322,retrograde_labeling,C5,AAVretro-DIO-FlpO,Positive,P9S4_241211_552_A01,LC,nucleus_present,,,,,,,,,,LC_retro,NULL,,,1409801288,auto_passed,/allen/programs/celltypes/production/mousecelltypes/prod5/Ephys_Roi_Result_1409801288/,,,,,
12/13/2024,771643,Dbh-Cre-KI;Ai65-771643.02.01.01,1410117648,retrograde_labeling,C5,AAVretro-DIO-FlpO,Positive,NA,LC,nucleus_absent,,,,,,,,,,LC_retro,NULL,,,1410117614,auto_passed,/allen/programs/celltypes/production/mousecelltypes/prod5/Ephys_Roi_Result_1410117614/,,,,,
12/13/2024,771643,Dbh-Cre-KI;Ai65-771643.02.01.02,1410123926,retrograde_labeling,C5,AAVretro-DIO-FlpO,Positive,P9S4_241213_551_A01,LC,nucleus_present,,,,,,,,,,LC_retro,NULL,,,1410123885,auto_passed,/allen/programs/celltypes/production/mousecelltypes/prod5/Ephys_Roi_Result_1410123885/,,,,,
12/13/2024,771643,Dbh-Cre-KI;Ai65-771643.02.02.01,1410108501,None,None,None,Negative,P4S4_241213_151_A01,LC,unknown,,,,,,,,,,,NULL,,,1410108467,auto_passed,/allen/programs/celltypes/production/mousecelltypes/prod5/Ephys_Roi_Result_1410108467/,,,,,
12/13/2024,771643,Dbh-Cre-KI;Ai65-771643.02.02.02,1410115627,retrograde_labeling,C5,AAVretro-DIO-FlpO,Positive,P4S4_241213_152_A01,LC,unknown,,,,,,,,,,LC_retro,NULL,,,1410115593,auto_passed,/allen/programs/celltypes/production/mousecelltypes/prod5/Ephys_Roi_Result_1410115593/,,,,,
12/17/2024,773004,Dbh-Cre-KI;Ai65-773004.06.01.01,1410641059,retrograde_labeling,C5,AAVretro-DIO-FlpO,Positive,P4S4_241217_151_A01,LC,unknown,,,,,,,,,,LC_retro,NULL,,,1410640994,auto_passed,/allen/programs/celltypes/production/mousecelltypes/prod5/Ephys_Roi_Result_1410640994/,,,,,
12/17/2024,773004,Dbh-Cre-KI;Ai65-773004.06.01.02,1410648461,retrograde_labeling,C5,AAVretro-DIO-FlpO,Positive,P4S4_241217_152_A01,LC,nucleus_present,,,,,,,,,,LC_retro,NULL,,,1410648389,auto_failed,/allen/programs/celltypes/production/mousecelltypes/prod5/Ephys_Roi_Result_1410648389/,,,,,
12/17/2024,773004,Dbh-Cre-KI;Ai65-773004.06.01.03,1410669037,retrograde_labeling,C5,AAVretro-DIO-FlpO,Positive,P4S4_241217_153_A01,LC,nucleus_present,,,,,,,,,,LC_retro,NULL,,,1410668927,auto_failed,/allen/programs/celltypes/production/mousecelltypes/prod5/Ephys_Roi_Result_1410668927/,,,,,
12/17/2024,773004,Dbh-Cre-KI;Ai65-773004.06.02.01,1410640612,retrograde_labeling,C5,AAVretro-DIO-FlpO,Positive,PVS4_241217_451_A01,LC,unknown,,,,,,,,,,LC_retro,NULL,,,1410640556,auto_passed,/allen/programs/celltypes/production/mousecelltypes/prod5/Ephys_Roi_Result_1410640556/,,,,,
12/17/2024,773004,Dbh-Cre-KI;Ai65-773004.06.02.02,1410644953,retrograde_labeling,C5,AAVretro-DIO-FlpO,Positive,PVS4_241217_452_A01,LC,unknown,,,,,,,,,,LC_retro,NULL,,,1410644456,auto_passed,/allen/programs/celltypes/production/mousecelltypes/prod5/Ephys_Roi_Result_1410644456/,,,,,
12/17/2024,773004,Dbh-Cre-KI;Ai65-773004.07.01.01,1410640229,retrograde_labeling,C5,AAVretro-DIO-FlpO,Positive,P6S4_241217_401_A01,LC,unknown,,,,,,,,,,LC_retro,NULL,,,1410640157,auto_passed,/allen/programs/celltypes/production/mousecelltypes/prod5/Ephys_Roi_Result_1410640157/,,,,,
12/17/2024,773004,Dbh-Cre-KI;Ai65-773004.07.02.01,1410641574,retrograde_labeling,C5,AAVretro-DIO-FlpO,Positive,P9S4_241217_551_A01,LC,nucleus_present,,,,,,,,,,LC_retro,NULL,,,1410641516,auto_passed,/allen/programs/celltypes/production/mousecelltypes/prod5/Ephys_Roi_Result_1410641516/,,,,,
12/18/2024,773002,Dbh-Cre-KI;Ai65-773002.06.01.01,1410790226,retrograde_labeling,C5,AAVretro-DIO-FlpO,Positive,NA,LC,nucleus_absent,,,,,,,,,,LC_retro,NULL,,,1410790193,auto_passed,/allen/programs/celltypes/production/mousecelltypes/prod5/Ephys_Roi_Result_1410790193/,,,,,
12/18/2024,773002,Dbh-Cre-KI;Ai65-773002.06.02.01,1410789844,retrograde_labeling,C5,AAVretro-DIO-FlpO,Positive,NA,LC,nucleus_absent,,,,,,,,,,LC_retro,NULL,,,1410789816,auto_passed,/allen/programs/celltypes/production/mousecelltypes/prod5/Ephys_Roi_Result_1410789816/,,,,,
12/18/2024,773002,Dbh-Cre-KI;Ai65-773002.07.02.01,1410793938,retrograde_labeling,C5,AAVretro-DIO-FlpO,Positive,P4S4_241218_151_A01,LC,nucleus_present,,,,,,,,,,LC_retro,NULL,,,1410793905,auto_failed,/allen/programs/celltypes/production/mousecelltypes/prod5/Ephys_Roi_Result_1410793905/,,,,,
12/19/2024,773000,Dbh-Cre-KI;Ai65-773000.04.02.01,1410934536,retrograde_labeling,C5,AAVretro-DIO-FlpO,Positive,NA,LC,nucleus_absent,,,,,,,,,,LC_retro,NULL,,,1410934497,auto_passed,/allen/programs/celltypes/production/mousecelltypes/prod5/Ephys_Roi_Result_1410934497/,,,,,
12/19/2024,773000,Dbh-Cre-KI;Ai65-773000.04.02.02,1410945257,retrograde_labeling,C5,AAVretro-DIO-FlpO,Positive,P4S4_241219_151_A01,LC,nucleus_present,,,,,,,,,,LC_retro,NULL,,,1410945226,auto_failed,/allen/programs/celltypes/production/mousecelltypes/prod5/Ephys_Roi_Result_1410945226/,,,,,
12/19/2024,773000,Dbh-Cre-KI;Ai65-773000.04.02.03,1410948458,retrograde_labeling,C5,AAVretro-DIO-FlpO,Positive,P4S4_241219_152_A01,LC,nucleus_absent,,,,,,,,,,LC_retro,NULL,,,1410948417,auto_failed,/allen/programs/celltypes/production/mousecelltypes/prod5/Ephys_Roi_Result_1410948417/,,,,,
12/19/2024,773002,Dbh-Cre-KI;Ai65-773002.03.01.01,1410946083,retrograde_labeling,C5,AAVretro-DIO-FlpO,Positive,NA,LC,nucleus_absent,,,,,,,,,,LC_retro,NULL,,,1410946049,auto_passed,/allen/programs/celltypes/production/mousecelltypes/prod5/Ephys_Roi_Result_1410946049/,,,,,
12/19/2024,773002,Dbh-Cre-KI;Ai65-773002.03.01.02,1410948900,retrograde_labeling,C5,AAVretro-DIO-FlpO,Positive,NA,LC,nucleus_absent,,,,,,,,,,LC_retro,NULL,,,1410948835,auto_failed,/allen/programs/celltypes/production/mousecelltypes/prod5/Ephys_Roi_Result_1410948835/,,,,,
12/19/2024,773002,Dbh-Cre-KI;Ai65-773002.04.01.01,1410934932,retrograde_labeling,C5,AAVretro-DIO-FlpO,Positive,NA,LC,nucleus_absent,,,,,,,,,,LC_retro,NULL,,,1410934898,auto_passed,/allen/programs/celltypes/production/mousecelltypes/prod5/Ephys_Roi_Result_1410934898/,,,,,